Workbook

Sheet Dados
A1: Lista de Ações
A2: =IFERROR(__xludf.DUMMYFUNCTION("GOOGLEFINANCE(B3,""name"")"),"Coca-Cola Co") -> Coca-Cola Co | C2: =IFERROR(__xludf.DUMMYFUNCTION("GOOGLEFINANCE(D3,""name"")"),"Microsoft Corp") -> Microsoft Corp | E2: =IFERROR(__xludf.DUMMYFUNCTION("GOOGLEFINANCE(F3,""name"")"),"Tesla Inc") -> Tesla Inc | G2: =IFERROR(__xludf.DUMMYFUNCTION("GOOGLEFINANCE(H3,""name"")"),"Apple Inc") -> Apple Inc | J2: Data Inicial | K2: 43831 | M2: Ref | N2: https://support.google.com/docs/answer/3093281?hl=pt-BR
A3: Código | B3: KO | C3: Código | D3: MSFT | E3: Código | F3: TSLA | G3: Código | H3: AAPL | J3: Data Final | K3: 44927
A4: =IFERROR(__xludf.DUMMYFUNCTION("GOOGLEFINANCE(B3,""price"",$K$2,$K$3)"),"Date") -> Date | B4: =IFERROR(__xludf.DUMMYFUNCTION("""COMPUTED_VALUE"""),"Close") -> Close | C4: =IFERROR(__xludf.DUMMYFUNCTION("GOOGLEFINANCE(D3,""price"",$K$2,$K$3)"),"Date") -> Date | D4: =IFERROR(__xludf.DUMMYFUNCTION("""COMPUTED_VALUE"""),"Close") -> Close | E4: =IFERROR(__xludf.DUMMYFUNCTION("GOOGLEFINANCE(F3,""price"",$K$2,$K$3)"),"Date") -> Date | F4: =IFERROR(__xludf.DUMMYFUNCTION("""COMPUTED_VALUE"""),"Close") -> Close | G4: =IFERROR(__xludf.DUMMYFUNCTION("GOOGLEFINANCE(H3,""price"",$K$2,$K$3)"),"Date") -> Date | H4: =IFERROR(__xludf.DUMMYFUNCTION("""COMPUTED_VALUE"""),"Close") -> Close
A5: =IFERROR(__xludf.DUMMYFUNCTION("""COMPUTED_VALUE"""),43832.66666666667) -> 43832.667 | B5: =IFERROR(__xludf.DUMMYFUNCTION("""COMPUTED_VALUE"""),54.99) -> 54.99 | C5: =IFERROR(__xludf.DUMMYFUNCTION("""COMPUTED_VALUE"""),43832.66666666667) -> 43832.667 | D5: =IFERROR(__xludf.DUMMYFUNCTION("""COMPUTED_VALUE"""),160.62) -> 160.62 | E5: =IFERROR(__xludf.DUMMYFUNCTION("""COMPUTED_VALUE"""),43832.66666666667) -> 43832.667 | F5: =IFERROR(__xludf.DUMMYFUNCTION("""COMPUTED_VALUE"""),28.68) -> 28.68 | G5: =IFERROR(__xludf.DUMMYFUNCTION("""COMPUTED_VALUE"""),43832.66666666667) -> 43832.667 | H5: =IFERROR(__xludf.DUMMYFUNCTION("""COMPUTED_VALUE"""),75.09) -> 75.09
A6: =IFERROR(__xludf.DUMMYFUNCTION("""COMPUTED_VALUE"""),43833.66666666667) -> 43833.667 | B6: =IFERROR(__xludf.DUMMYFUNCTION("""COMPUTED_VALUE"""),54.69) -> 54.69 | C6: =IFERROR(__xludf.DUMMYFUNCTION("""COMPUTED_VALUE"""),43833.66666666667) -> 43833.667 | D6: =IFERROR(__xludf.DUMMYFUNCTION("""COMPUTED_VALUE"""),158.62) -> 158.62 | E6: =IFERROR(__xludf.DUMMYFUNCTION("""COMPUTED_VALUE"""),43833.66666666667) -> 43833.667 | F6: =IFERROR(__xludf.DUMMYFUNCTION("""COMPUTED_VALUE"""),29.53) -> 29.53 | G6: =IFERROR(__xludf.DUMMYFUNCTION("""COMPUTED_VALUE"""),43833.66666666667) -> 43833.667 | H6: =IFERROR(__xludf.DUMMYFUNCTION("""COMPUTED_VALUE"""),74.36) -> 74.36
A7: =IFERROR(__xludf.DUMMYFUNCTION("""COMPUTED_VALUE"""),43836.66666666667) -> 43836.667 | B7: =IFERROR(__xludf.DUMMYFUNCTION("""COMPUTED_VALUE"""),54.67) -> 54.67 | C7: =IFERROR(__xludf.DUMMYFUNCTION("""COMPUTED_VALUE"""),43836.66666666667) -> 43836.667 | D7: =IFERROR(__xludf.DUMMYFUNCTION("""COMPUTED_VALUE"""),159.03) -> 159.03 | E7: =IFERROR(__xludf.DUMMYFUNCTION("""COMPUTED_VALUE"""),43836.66666666667) -> 43836.667 | F7: =IFERROR(__xludf.DUMMYFUNCTION("""COMPUTED_VALUE"""),30.1) -> 30.1 | G7: =IFERROR(__xludf.DUMMYFUNCTION("""COMPUTED_VALUE"""),43836.66666666667) -> 43836.667 | H7: =IFERROR(__xludf.DUMMYFUNCTION("""COMPUTED_VALUE"""),74.95) -> 74.95
A8: =IFERROR(__xludf.DUMMYFUNCTION("""COMPUTED_VALUE"""),43837.66666666667) -> 43837.667 | B8: =IFERROR(__xludf.DUMMYFUNCTION("""COMPUTED_VALUE"""),54.25) -> 54.25 | C8: =IFERROR(__xludf.DUMMYFUNCTION("""COMPUTED_VALUE"""),43837.66666666667) -> 43837.667 | D8: =IFERROR(__xludf.DUMMYFUNCTION("""COMPUTED_VALUE"""),157.58) -> 157.58 | E8: =IFERROR(__xludf.DUMMYFUNCTION("""COMPUTED_VALUE"""),43837.66666666667) -> 43837.667 | F8: =IFERROR(__xludf.DUMMYFUNCTION("""COMPUTED_VALUE"""),31.27) -> 31.27 | G8: =IFERROR(__xludf.DUMMYFUNCTION("""COMPUTED_VALUE"""),43837.66666666667) -> 43837.667 | H8: =IFERROR(__xludf.DUMMYFUNCTION("""COMPUTED_VALUE"""),74.6) -> 74.6
A9: =IFERROR(__xludf.DUMMYFUNCTION("""COMPUTED_VALUE"""),43838.66666666667) -> 43838.667 | B9: =IFERROR(__xludf.DUMMYFUNCTION("""COMPUTED_VALUE"""),54.35) -> 54.35 | C9: =IFERROR(__xludf.DUMMYFUNCTION("""COMPUTED_VALUE"""),43838.66666666667) -> 43838.667 | D9: =IFERROR(__xludf.DUMMYFUNCTION("""COMPUTED_VALUE"""),160.09) -> 160.09 | E9: =IFERROR(__xludf.DUMMYFUNCTION("""COMPUTED_VALUE"""),43838.66666666667) -> 43838.667 | F9: =IFERROR(__xludf.DUMMYFUNCTION("""COMPUTED_VALUE"""),32.81) -> 32.81 | G9: =IFERROR(__xludf.DUMMYFUNCTION("""COMPUTED_VALUE"""),43838.66666666667) -> 43838.667 | H9: =IFERROR(__xludf.DUMMYFUNCTION("""COMPUTED_VALUE"""),75.8) -> 75.8
A10: =IFERROR(__xludf.DUMMYFUNCTION("""COMPUTED_VALUE"""),43839.66666666667) -> 43839.667 | B10: =IFERROR(__xludf.DUMMYFUNCTION("""COMPUTED_VALUE"""),55.34) -> 55.34 | C10: =IFERROR(__xludf.DUMMYFUNCTION("""COMPUTED_VALUE"""),43839.66666666667) -> 43839.667 | D10: =IFERROR(__xludf.DUMMYFUNCTION("""COMPUTED_VALUE"""),162.09) -> 162.09 | E10: =IFERROR(__xludf.DUMMYFUNCTION("""COMPUTED_VALUE"""),43839.66666666667) -> 43839.667 | F10: =IFERROR(__xludf.DUMMYFUNCTION("""COMPUTED_VALUE"""),32.09) -> 32.09 | G10: =IFERROR(__xludf.DUMMYFUNCTION("""COMPUTED_VALUE"""),43839.66666666667) -> 43839.667 | H10: =IFERROR(__xludf.DUMMYFUNCTION("""COMPUTED_VALUE"""),77.41) -> 77.41
A11: =IFERROR(__xludf.DUMMYFUNCTION("""COMPUTED_VALUE"""),43840.66666666667) -> 43840.667 | B11: =IFERROR(__xludf.DUMMYFUNCTION("""COMPUTED_VALUE"""),55.53) -> 55.53 | C11: =IFERROR(__xludf.DUMMYFUNCTION("""COMPUTED_VALUE"""),43840.66666666667) -> 43840.667 | D11: =IFERROR(__xludf.DUMMYFUNCTION("""COMPUTED_VALUE"""),161.34) -> 161.34 | E11: =IFERROR(__xludf.DUMMYFUNCTION("""COMPUTED_VALUE"""),43840.66666666667) -> 43840.667 | F11: =IFERROR(__xludf.DUMMYFUNCTION("""COMPUTED_VALUE"""),31.88) -> 31.88 | G11: =IFERROR(__xludf.DUMMYFUNCTION("""COMPUTED_VALUE"""),43840.66666666667) -> 43840.667 | H11: =IFERROR(__xludf.DUMMYFUNCTION("""COMPUTED_VALUE"""),77.58) -> 77.58
A12: =IFERROR(__xludf.DUMMYFUNCTION("""COMPUTED_VALUE"""),43843.66666666667) -> 43843.667 | B12: =IFERROR(__xludf.DUMMYFUNCTION("""COMPUTED_VALUE"""),56.13) -> 56.13 | C12: =IFERROR(__xludf.DUMMYFUNCTION("""COMPUTED_VALUE"""),43843.66666666667) -> 43843.667 | D12: =IFERROR(__xludf.DUMMYFUNCTION("""COMPUTED_VALUE"""),163.28) -> 163.28 | E12: =IFERROR(__xludf.DUMMYFUNCTION("""COMPUTED_VALUE"""),43843.66666666667) -> 43843.667 | F12: =IFERROR(__xludf.DUMMYFUNCTION("""COMPUTED_VALUE"""),34.99) -> 34.99 | G12: =IFERROR(__xludf.DUMMYFUNCTION("""COMPUTED_VALUE"""),43843.66666666667) -> 43843.667 | H12: =IFERROR(__xludf.DUMMYFUNCTION("""COMPUTED_VALUE"""),79.24) -> 79.24
A13: =IFERROR(__xludf.DUMMYFUNCTION("""COMPUTED_VALUE"""),43844.66666666667) -> 43844.667 | B13: =IFERROR(__xludf.DUMMYFUNCTION("""COMPUTED_VALUE"""),56.0) -> 56 | C13: =IFERROR(__xludf.DUMMYFUNCTION("""COMPUTED_VALUE"""),43844.66666666667) -> 43844.667 | D13: =IFERROR(__xludf.DUMMYFUNCTION("""COMPUTED_VALUE"""),162.13) -> 162.13 | E13: =IFERROR(__xludf.DUMMYFUNCTION("""COMPUTED_VALUE"""),43844.66666666667) -> 43844.667 | F13: =IFERROR(__xludf.DUMMYFUNCTION("""COMPUTED_VALUE"""),35.86) -> 35.86 | G13: =IFERROR(__xludf.DUMMYFUNCTION("""COMPUTED_VALUE"""),43844.66666666667) -> 43844.667 | H13: =IFERROR(__xludf.DUMMYFUNCTION("""COMPUTED_VALUE"""),78.17) -> 78.17
A14: =IFERROR(__xludf.DUMMYFUNCTION("""COMPUTED_VALUE"""),43845.66666666667) -> 43845.667 | B14: =IFERROR(__xludf.DUMMYFUNCTION("""COMPUTED_VALUE"""),56.7) -> 56.7 | C14: =IFERROR(__xludf.DUMMYFUNCTION("""COMPUTED_VALUE"""),43845.66666666667) -> 43845.667 | D14: =IFERROR(__xludf.DUMMYFUNCTION("""COMPUTED_VALUE"""),163.18) -> 163.18 | E14: =IFERROR(__xludf.DUMMYFUNCTION("""COMPUTED_VALUE"""),43845.66666666667) -> 43845.667 | F14: =IFERROR(__xludf.DUMMYFUNCTION("""COMPUTED_VALUE"""),34.57) -> 34.57 | G14: =IFERROR(__xludf.DUMMYFUNCTION("""COMPUTED_VALUE"""),43845.66666666667) -> 43845.667 | H14: =IFERROR(__xludf.DUMMYFUNCTION("""COMPUTED_VALUE"""),77.83) -> 77.83
A15: =IFERROR(__xludf.DUMMYFUNCTION("""COMPUTED_VALUE"""),43846.66666666667) -> 43846.667 | B15: =IFERROR(__xludf.DUMMYFUNCTION("""COMPUTED_VALUE"""),56.82) -> 56.82 | C15: =IFERROR(__xludf.DUMMYFUNCTION("""COMPUTED_VALUE"""),43846.66666666667) -> 43846.667 | D15: =IFERROR(__xludf.DUMMYFUNCTION("""COMPUTED_VALUE"""),166.17) -> 166.17 | E15: =IFERROR(__xludf.DUMMYFUNCTION("""COMPUTED_VALUE"""),43846.66666666667) -> 43846.667 | F15: =IFERROR(__xludf.DUMMYFUNCTION("""COMPUTED_VALUE"""),34.23) -> 34.23 | G15: =IFERROR(__xludf.DUMMYFUNCTION("""COMPUTED_VALUE"""),43846.66666666667) -> 43846.667 | H15: =IFERROR(__xludf.DUMMYFUNCTION("""COMPUTED_VALUE"""),78.81) -> 78.81
A16: =IFERROR(__xludf.DUMMYFUNCTION("""COMPUTED_VALUE"""),43847.66666666667) -> 43847.667 | B16: =IFERROR(__xludf.DUMMYFUNCTION("""COMPUTED_VALUE"""),56.94) -> 56.94 | C16: =IFERROR(__xludf.DUMMYFUNCTION("""COMPUTED_VALUE"""),43847.66666666667) -> 43847.667 | D16: =IFERROR(__xludf.DUMMYFUNCTION("""COMPUTED_VALUE"""),167.1) -> 167.1 | E16: =IFERROR(__xludf.DUMMYFUNCTION("""COMPUTED_VALUE"""),43847.66666666667) -> 43847.667 | F16: =IFERROR(__xludf.DUMMYFUNCTION("""COMPUTED_VALUE"""),34.03) -> 34.03 | G16: =IFERROR(__xludf.DUMMYFUNCTION("""COMPUTED_VALUE"""),43847.66666666667) -> 43847.667 | H16: =IFERROR(__xludf.DUMMYFUNCTION("""COMPUTED_VALUE"""),79.68) -> 79.68
A17: =IFERROR(__xludf.DUMMYFUNCTION("""COMPUTED_VALUE"""),43851.66666666667) -> 43851.667 | B17: =IFERROR(__xludf.DUMMYFUNCTION("""COMPUTED_VALUE"""),57.17) -> 57.17 | C17: =IFERROR(__xludf.DUMMYFUNCTION("""COMPUTED_VALUE"""),43851.66666666667) -> 43851.667 | D17: =IFERROR(__xludf.DUMMYFUNCTION("""COMPUTED_VALUE"""),166.5) -> 166.5 | E17: =IFERROR(__xludf.DUMMYFUNCTION("""COMPUTED_VALUE"""),43851.66666666667) -> 43851.667 | F17: =IFERROR(__xludf.DUMMYFUNCTION("""COMPUTED_VALUE"""),36.48) -> 36.48 | G17: =IFERROR(__xludf.DUMMYFUNCTION("""COMPUTED_VALUE"""),43851.66666666667) -> 43851.667 | H17: =IFERROR(__xludf.DUMMYFUNCTION("""COMPUTED_VALUE"""),79.14) -> 79.14
A18: =IFERROR(__xludf.DUMMYFUNCTION("""COMPUTED_VALUE"""),43852.66666666667) -> 43852.667 | B18: =IFERROR(__xludf.DUMMYFUNCTION("""COMPUTED_VALUE"""),57.61) -> 57.61 | C18: =IFERROR(__xludf.DUMMYFUNCTION("""COMPUTED_VALUE"""),43852.66666666667) -> 43852.667 | D18: =IFERROR(__xludf.DUMMYFUNCTION("""COMPUTED_VALUE"""),165.7) -> 165.7 | E18: =IFERROR(__xludf.DUMMYFUNCTION("""COMPUTED_VALUE"""),43852.66666666667) -> 43852.667 | F18: =IFERROR(__xludf.DUMMYFUNCTION("""COMPUTED_VALUE"""),37.97) -> 37.97 | G18: =IFERROR(__xludf.DUMMYFUNCTION("""COMPUTED_VALUE"""),43852.66666666667) -> 43852.667 | H18: =IFERROR(__xludf.DUMMYFUNCTION("""COMPUTED_VALUE"""),79.43) -> 79.43
A19: =IFERROR(__xludf.DUMMYFUNCTION("""COMPUTED_VALUE"""),43853.66666666667) -> 43853.667 | B19: =IFERROR(__xludf.DUMMYFUNCTION("""COMPUTED_VALUE"""),57.83) -> 57.83 | C19: =IFERROR(__xludf.DUMMYFUNCTION("""COMPUTED_VALUE"""),43853.66666666667) -> 43853.667 | D19: =IFERROR(__xludf.DUMMYFUNCTION("""COMPUTED_VALUE"""),166.72) -> 166.72 | E19: =IFERROR(__xludf.DUMMYFUNCTION("""COMPUTED_VALUE"""),43853.66666666667) -> 43853.667 | F19: =IFERROR(__xludf.DUMMYFUNCTION("""COMPUTED_VALUE"""),38.15) -> 38.15 | G19: =IFERROR(__xludf.DUMMYFUNCTION("""COMPUTED_VALUE"""),43853.66666666667) -> 43853.667 | H19: =IFERROR(__xludf.DUMMYFUNCTION("""COMPUTED_VALUE"""),79.81) -> 79.81
A20: =IFERROR(__xludf.DUMMYFUNCTION("""COMPUTED_VALUE"""),43854.66666666667) -> 43854.667 | B20: =IFERROR(__xludf.DUMMYFUNCTION("""COMPUTED_VALUE"""),57.68) -> 57.68 | C20: =IFERROR(__xludf.DUMMYFUNCTION("""COMPUTED_VALUE"""),43854.66666666667) -> 43854.667 | D20: =IFERROR(__xludf.DUMMYFUNCTION("""COMPUTED_VALUE"""),165.04) -> 165.04 | E20: =IFERROR(__xludf.DUMMYFUNCTION("""COMPUTED_VALUE"""),43854.66666666667) -> 43854.667 | F20: =IFERROR(__xludf.DUMMYFUNCTION("""COMPUTED_VALUE"""),37.65) -> 37.65 | G20: =IFERROR(__xludf.DUMMYFUNCTION("""COMPUTED_VALUE"""),43854.66666666667) -> 43854.667 | H20: =IFERROR(__xludf.DUMMYFUNCTION("""COMPUTED_VALUE"""),79.58) -> 79.58
A21: =IFERROR(__xludf.DUMMYFUNCTION("""COMPUTED_VALUE"""),43857.66666666667) -> 43857.667 | B21: =IFERROR(__xludf.DUMMYFUNCTION("""COMPUTED_VALUE"""),57.48) -> 57.48 | C21: =IFERROR(__xludf.DUMMYFUNCTION("""COMPUTED_VALUE"""),43857.66666666667) -> 43857.667 | D21: =IFERROR(__xludf.DUMMYFUNCTION("""COMPUTED_VALUE"""),162.28) -> 162.28 | E21: =IFERROR(__xludf.DUMMYFUNCTION("""COMPUTED_VALUE"""),43857.66666666667) -> 43857.667 | F21: =IFERROR(__xludf.DUMMYFUNCTION("""COMPUTED_VALUE"""),37.2) -> 37.2 | G21: =IFERROR(__xludf.DUMMYFUNCTION("""COMPUTED_VALUE"""),43857.66666666667) -> 43857.667 | H21: =IFERROR(__xludf.DUMMYFUNCTION("""COMPUTED_VALUE"""),77.24) -> 77.24
A22: =IFERROR(__xludf.DUMMYFUNCTION("""COMPUTED_VALUE"""),43858.66666666667) -> 43858.667 | B22: =IFERROR(__xludf.DUMMYFUNCTION("""COMPUTED_VALUE"""),57.01) -> 57.01 | C22: =IFERROR(__xludf.DUMMYFUNCTION("""COMPUTED_VALUE"""),43858.66666666667) -> 43858.667 | D22: =IFERROR(__xludf.DUMMYFUNCTION("""COMPUTED_VALUE"""),165.46) -> 165.46 | E22: =IFERROR(__xludf.DUMMYFUNCTION("""COMPUTED_VALUE"""),43858.66666666667) -> 43858.667 | F22: =IFERROR(__xludf.DUMMYFUNCTION("""COMPUTED_VALUE"""),37.79) -> 37.79 | G22: =IFERROR(__xludf.DUMMYFUNCTION("""COMPUTED_VALUE"""),43858.66666666667) -> 43858.667 | H22: =IFERROR(__xludf.DUMMYFUNCTION("""COMPUTED_VALUE"""),79.42) -> 79.42
A23: =IFERROR(__xludf.DUMMYFUNCTION("""COMPUTED_VALUE"""),43859.66666666667) -> 43859.667 | B23: =IFERROR(__xludf.DUMMYFUNCTION("""COMPUTED_VALUE"""),57.01) -> 57.01 | C23: =IFERROR(__xludf.DUMMYFUNCTION("""COMPUTED_VALUE"""),43859.66666666667) -> 43859.667 | D23: =IFERROR(__xludf.DUMMYFUNCTION("""COMPUTED_VALUE"""),168.04) -> 168.04 | E23: =IFERROR(__xludf.DUMMYFUNCTION("""COMPUTED_VALUE"""),43859.66666666667) -> 43859.667 | F23: =IFERROR(__xludf.DUMMYFUNCTION("""COMPUTED_VALUE"""),38.73) -> 38.73 | G23: =IFERROR(__xludf.DUMMYFUNCTION("""COMPUTED_VALUE"""),43859.66666666667) -> 43859.667 | H23: =IFERROR(__xludf.DUMMYFUNCTION("""COMPUTED_VALUE"""),81.08) -> 81.08
A24: =IFERROR(__xludf.DUMMYFUNCTION("""COMPUTED_VALUE"""),43860.66666666667) -> 43860.667 | B24: =IFERROR(__xludf.DUMMYFUNCTION("""COMPUTED_VALUE"""),58.86) -> 58.86 | C24: =IFERROR(__xludf.DUMMYFUNCTION("""COMPUTED_VALUE"""),43860.66666666667) -> 43860.667 | D24: =IFERROR(__xludf.DUMMYFUNCTION("""COMPUTED_VALUE"""),172.78) -> 172.78 | E24: =IFERROR(__xludf.DUMMYFUNCTION("""COMPUTED_VALUE"""),43860.66666666667) -> 43860.667 | F24: =IFERROR(__xludf.DUMMYFUNCTION("""COMPUTED_VALUE"""),42.72) -> 42.72 | G24: =IFERROR(__xludf.DUMMYFUNCTION("""COMPUTED_VALUE"""),43860.66666666667) -> 43860.667 | H24: =IFERROR(__xludf.DUMMYFUNCTION("""COMPUTED_VALUE"""),80.97) -> 80.97
A25: =IFERROR(__xludf.DUMMYFUNCTION("""COMPUTED_VALUE"""),43861.66666666667) -> 43861.667 | B25: =IFERROR(__xludf.DUMMYFUNCTION("""COMPUTED_VALUE"""),58.4) -> 58.4 | C25: =IFERROR(__xludf.DUMMYFUNCTION("""COMPUTED_VALUE"""),43861.66666666667) -> 43861.667 | D25: =IFERROR(__xludf.DUMMYFUNCTION("""COMPUTED_VALUE"""),170.23) -> 170.23 | E25: =IFERROR(__xludf.DUMMYFUNCTION("""COMPUTED_VALUE"""),43861.66666666667) -> 43861.667 | F25: =IFERROR(__xludf.DUMMYFUNCTION("""COMPUTED_VALUE"""),43.37) -> 43.37 | G25: =IFERROR(__xludf.DUMMYFUNCTION("""COMPUTED_VALUE"""),43861.66666666667) -> 43861.667 | H25: =IFERROR(__xludf.DUMMYFUNCTION("""COMPUTED_VALUE"""),77.38) -> 77.38
A26: =IFERROR(__xludf.DUMMYFUNCTION("""COMPUTED_VALUE"""),43864.66666666667) -> 43864.667 | B26: =IFERROR(__xludf.DUMMYFUNCTION("""COMPUTED_VALUE"""),58.58) -> 58.58 | C26: =IFERROR(__xludf.DUMMYFUNCTION("""COMPUTED_VALUE"""),43864.66666666667) -> 43864.667 | D26: =IFERROR(__xludf.DUMMYFUNCTION("""COMPUTED_VALUE"""),174.38) -> 174.38 | E26: =IFERROR(__xludf.DUMMYFUNCTION("""COMPUTED_VALUE"""),43864.66666666667) -> 43864.667 | F26: =IFERROR(__xludf.DUMMYFUNCTION("""COMPUTED_VALUE"""),52.0) -> 52 | G26: =IFERROR(__xludf.DUMMYFUNCTION("""COMPUTED_VALUE"""),43864.66666666667) -> 43864.667 | H26: =IFERROR(__xludf.DUMMYFUNCTION("""COMPUTED_VALUE"""),77.17) -> 77.17
A27: =IFERROR(__xludf.DUMMYFUNCTION("""COMPUTED_VALUE"""),43865.66666666667) -> 43865.667 | B27: =IFERROR(__xludf.DUMMYFUNCTION("""COMPUTED_VALUE"""),58.84) -> 58.84 | C27: =IFERROR(__xludf.DUMMYFUNCTION("""COMPUTED_VALUE"""),43865.66666666667) -> 43865.667 | D27: =IFERROR(__xludf.DUMMYFUNCTION("""COMPUTED_VALUE"""),180.12) -> 180.12 | E27: =IFERROR(__xludf.DUMMYFUNCTION("""COMPUTED_VALUE"""),43865.66666666667) -> 43865.667 | F27: =IFERROR(__xludf.DUMMYFUNCTION("""COMPUTED_VALUE"""),59.14) -> 59.14 | G27: =IFERROR(__xludf.DUMMYFUNCTION("""COMPUTED_VALUE"""),43865.66666666667) -> 43865.667 | H27: =IFERROR(__xludf.DUMMYFUNCTION("""COMPUTED_VALUE"""),79.71) -> 79.71
A28: =IFERROR(__xludf.DUMMYFUNCTION("""COMPUTED_VALUE"""),43866.66666666667) -> 43866.667 | B28: =IFERROR(__xludf.DUMMYFUNCTION("""COMPUTED_VALUE"""),58.85) -> 58.85 | C28: =IFERROR(__xludf.DUMMYFUNCTION("""COMPUTED_VALUE"""),43866.66666666667) -> 43866.667 | D28: =IFERROR(__xludf.DUMMYFUNCTION("""COMPUTED_VALUE"""),179.9) -> 179.9 | E28: =IFERROR(__xludf.DUMMYFUNCTION("""COMPUTED_VALUE"""),43866.66666666667) -> 43866.667 | F28: =IFERROR(__xludf.DUMMYFUNCTION("""COMPUTED_VALUE"""),48.98) -> 48.98 | G28: =IFERROR(__xludf.DUMMYFUNCTION("""COMPUTED_VALUE"""),43866.66666666667) -> 43866.667 | H28: =IFERROR(__xludf.DUMMYFUNCTION("""COMPUTED_VALUE"""),80.36) -> 80.36
A29: =IFERROR(__xludf.DUMMYFUNCTION("""COMPUTED_VALUE"""),43867.66666666667) -> 43867.667 | B29: =IFERROR(__xludf.DUMMYFUNCTION("""COMPUTED_VALUE"""),58.99) -> 58.99 | C29: =IFERROR(__xludf.DUMMYFUNCTION("""COMPUTED_VALUE"""),43867.66666666667) -> 43867.667 | D29: =IFERROR(__xludf.DUMMYFUNCTION("""COMPUTED_VALUE"""),183.63) -> 183.63 | E29: =IFERROR(__xludf.DUMMYFUNCTION("""COMPUTED_VALUE"""),43867.66666666667) -> 43867.667 | F29: =IFERROR(__xludf.DUMMYFUNCTION("""COMPUTED_VALUE"""),49.93) -> 49.93 | G29: =IFERROR(__xludf.DUMMYFUNCTION("""COMPUTED_VALUE"""),43867.66666666667) -> 43867.667 | H29: =IFERROR(__xludf.DUMMYFUNCTION("""COMPUTED_VALUE"""),81.3) -> 81.3
A30: =IFERROR(__xludf.DUMMYFUNCTION("""COMPUTED_VALUE"""),43868.66666666667) -> 43868.667 | B30: =IFERROR(__xludf.DUMMYFUNCTION("""COMPUTED_VALUE"""),59.19) -> 59.19 | C30: =IFERROR(__xludf.DUMMYFUNCTION("""COMPUTED_VALUE"""),43868.66666666667) -> 43868.667 | D30: =IFERROR(__xludf.DUMMYFUNCTION("""COMPUTED_VALUE"""),183.89) -> 183.89 | E30: =IFERROR(__xludf.DUMMYFUNCTION("""COMPUTED_VALUE"""),43868.66666666667) -> 43868.667 | F30: =IFERROR(__xludf.DUMMYFUNCTION("""COMPUTED_VALUE"""),49.87) -> 49.87 | G30: =IFERROR(__xludf.DUMMYFUNCTION("""COMPUTED_VALUE"""),43868.66666666667) -> 43868.667 | H30: =IFERROR(__xludf.DUMMYFUNCTION("""COMPUTED_VALUE"""),80.01) -> 80.01
A31: =IFERROR(__xludf.DUMMYFUNCTION("""COMPUTED_VALUE"""),43871.66666666667) -> 43871.667 | B31: =IFERROR(__xludf.DUMMYFUNCTION("""COMPUTED_VALUE"""),59.75) -> 59.75 | C31: =IFERROR(__xludf.DUMMYFUNCTION("""COMPUTED_VALUE"""),43871.66666666667) -> 43871.667 | D31: =IFERROR(__xludf.DUMMYFUNCTION("""COMPUTED_VALUE"""),188.7) -> 188.7 | E31: =IFERROR(__xludf.DUMMYFUNCTION("""COMPUTED_VALUE"""),43871.66666666667) -> 43871.667 | F31: =IFERROR(__xludf.DUMMYFUNCTION("""COMPUTED_VALUE"""),51.42) -> 51.42 | G31: =IFERROR(__xludf.DUMMYFUNCTION("""COMPUTED_VALUE"""),43871.66666666667) -> 43871.667 | H31: =IFERROR(__xludf.DUMMYFUNCTION("""COMPUTED_VALUE"""),80.39) -> 80.39
A32: =IFERROR(__xludf.DUMMYFUNCTION("""COMPUTED_VALUE"""),43872.66666666667) -> 43872.667 | B32: =IFERROR(__xludf.DUMMYFUNCTION("""COMPUTED_VALUE"""),59.59) -> 59.59 | C32: =IFERROR(__xludf.DUMMYFUNCTION("""COMPUTED_VALUE"""),43872.66666666667) -> 43872.667 | D32: =IFERROR(__xludf.DUMMYFUNCTION("""COMPUTED_VALUE"""),184.44) -> 184.44 | E32: =IFERROR(__xludf.DUMMYFUNCTION("""COMPUTED_VALUE"""),43872.66666666667) -> 43872.667 | F32: =IFERROR(__xludf.DUMMYFUNCTION("""COMPUTED_VALUE"""),51.63) -> 51.63 | G32: =IFERROR(__xludf.DUMMYFUNCTION("""COMPUTED_VALUE"""),43872.66666666667) -> 43872.667 | H32: =IFERROR(__xludf.DUMMYFUNCTION("""COMPUTED_VALUE"""),79.9) -> 79.9
A33: =IFERROR(__xludf.DUMMYFUNCTION("""COMPUTED_VALUE"""),43873.66666666667) -> 43873.667 | B33: =IFERROR(__xludf.DUMMYFUNCTION("""COMPUTED_VALUE"""),59.41) -> 59.41 | C33: =IFERROR(__xludf.DUMMYFUNCTION("""COMPUTED_VALUE"""),43873.66666666667) -> 43873.667 | D33: =IFERROR(__xludf.DUMMYFUNCTION("""COMPUTED_VALUE"""),184.71) -> 184.71 | E33: =IFERROR(__xludf.DUMMYFUNCTION("""COMPUTED_VALUE"""),43873.66666666667) -> 43873.667 | F33: =IFERROR(__xludf.DUMMYFUNCTION("""COMPUTED_VALUE"""),51.15) -> 51.15 | G33: =IFERROR(__xludf.DUMMYFUNCTION("""COMPUTED_VALUE"""),43873.66666666667) -> 43873.667 | H33: =IFERROR(__xludf.DUMMYFUNCTION("""COMPUTED_VALUE"""),81.8) -> 81.8
A34: =IFERROR(__xludf.DUMMYFUNCTION("""COMPUTED_VALUE"""),43874.66666666667) -> 43874.667 | B34: =IFERROR(__xludf.DUMMYFUNCTION("""COMPUTED_VALUE"""),59.61) -> 59.61 | C34: =IFERROR(__xludf.DUMMYFUNCTION("""COMPUTED_VALUE"""),43874.66666666667) -> 43874.667 | D34: =IFERROR(__xludf.DUMMYFUNCTION("""COMPUTED_VALUE"""),183.71) -> 183.71 | E34: =IFERROR(__xludf.DUMMYFUNCTION("""COMPUTED_VALUE"""),43874.66666666667) -> 43874.667 | F34: =IFERROR(__xludf.DUMMYFUNCTION("""COMPUTED_VALUE"""),53.6) -> 53.6 | G34: =IFERROR(__xludf.DUMMYFUNCTION("""COMPUTED_VALUE"""),43874.66666666667) -> 43874.667 | H34: =IFERROR(__xludf.DUMMYFUNCTION("""COMPUTED_VALUE"""),81.22) -> 81.22
A35: =IFERROR(__xludf.DUMMYFUNCTION("""COMPUTED_VALUE"""),43875.66666666667) -> 43875.667 | B35: =IFERROR(__xludf.DUMMYFUNCTION("""COMPUTED_VALUE"""),59.95) -> 59.95 | C35: =IFERROR(__xludf.DUMMYFUNCTION("""COMPUTED_VALUE"""),43875.66666666667) -> 43875.667 | D35: =IFERROR(__xludf.DUMMYFUNCTION("""COMPUTED_VALUE"""),185.35) -> 185.35 | E35: =IFERROR(__xludf.DUMMYFUNCTION("""COMPUTED_VALUE"""),43875.66666666667) -> 43875.667 | F35: =IFERROR(__xludf.DUMMYFUNCTION("""COMPUTED_VALUE"""),53.34) -> 53.34 | G35: =IFERROR(__xludf.DUMMYFUNCTION("""COMPUTED_VALUE"""),43875.66666666667) -> 43875.667 | H35: =IFERROR(__xludf.DUMMYFUNCTION("""COMPUTED_VALUE"""),81.24) -> 81.24
A36: =IFERROR(__xludf.DUMMYFUNCTION("""COMPUTED_VALUE"""),43879.66666666667) -> 43879.667 | B36: =IFERROR(__xludf.DUMMYFUNCTION("""COMPUTED_VALUE"""),59.53) -> 59.53 | C36: =IFERROR(__xludf.DUMMYFUNCTION("""COMPUTED_VALUE"""),43879.66666666667) -> 43879.667 | D36: =IFERROR(__xludf.DUMMYFUNCTION("""COMPUTED_VALUE"""),187.23) -> 187.23 | E36: =IFERROR(__xludf.DUMMYFUNCTION("""COMPUTED_VALUE"""),43879.66666666667) -> 43879.667 | F36: =IFERROR(__xludf.DUMMYFUNCTION("""COMPUTED_VALUE"""),57.23) -> 57.23 | G36: =IFERROR(__xludf.DUMMYFUNCTION("""COMPUTED_VALUE"""),43879.66666666667) -> 43879.667 | H36: =IFERROR(__xludf.DUMMYFUNCTION("""COMPUTED_VALUE"""),79.75) -> 79.75
A37: =IFERROR(__xludf.DUMMYFUNCTION("""COMPUTED_VALUE"""),43880.66666666667) -> 43880.667 | B37: =IFERROR(__xludf.DUMMYFUNCTION("""COMPUTED_VALUE"""),59.77) -> 59.77 | C37: =IFERROR(__xludf.DUMMYFUNCTION("""COMPUTED_VALUE"""),43880.66666666667) -> 43880.667 | D37: =IFERROR(__xludf.DUMMYFUNCTION("""COMPUTED_VALUE"""),187.28) -> 187.28 | E37: =IFERROR(__xludf.DUMMYFUNCTION("""COMPUTED_VALUE"""),43880.66666666667) -> 43880.667 | F37: =IFERROR(__xludf.DUMMYFUNCTION("""COMPUTED_VALUE"""),61.16) -> 61.16 | G37: =IFERROR(__xludf.DUMMYFUNCTION("""COMPUTED_VALUE"""),43880.66666666667) -> 43880.667 | H37: =IFERROR(__xludf.DUMMYFUNCTION("""COMPUTED_VALUE"""),80.91) -> 80.91
A38: =IFERROR(__xludf.DUMMYFUNCTION("""COMPUTED_VALUE"""),43881.66666666667) -> 43881.667 | B38: =IFERROR(__xludf.DUMMYFUNCTION("""COMPUTED_VALUE"""),59.72) -> 59.72 | C38: =IFERROR(__xludf.DUMMYFUNCTION("""COMPUTED_VALUE"""),43881.66666666667) -> 43881.667 | D38: =IFERROR(__xludf.DUMMYFUNCTION("""COMPUTED_VALUE"""),184.42) -> 184.42 | E38: =IFERROR(__xludf.DUMMYFUNCTION("""COMPUTED_VALUE"""),43881.66666666667) -> 43881.667 | F38: =IFERROR(__xludf.DUMMYFUNCTION("""COMPUTED_VALUE"""),59.96) -> 59.96 | G38: =IFERROR(__xludf.DUMMYFUNCTION("""COMPUTED_VALUE"""),43881.66666666667) -> 43881.667 | H38: =IFERROR(__xludf.DUMMYFUNCTION("""COMPUTED_VALUE"""),80.08) -> 80.08
A39: =IFERROR(__xludf.DUMMYFUNCTION("""COMPUTED_VALUE"""),43882.66666666667) -> 43882.667 | B39: =IFERROR(__xludf.DUMMYFUNCTION("""COMPUTED_VALUE"""),60.13) -> 60.13 | C39: =IFERROR(__xludf.DUMMYFUNCTION("""COMPUTED_VALUE"""),43882.66666666667) -> 43882.667 | D39: =IFERROR(__xludf.DUMMYFUNCTION("""COMPUTED_VALUE"""),178.59) -> 178.59 | E39: =IFERROR(__xludf.DUMMYFUNCTION("""COMPUTED_VALUE"""),43882.66666666667) -> 43882.667 | F39: =IFERROR(__xludf.DUMMYFUNCTION("""COMPUTED_VALUE"""),60.07) -> 60.07 | G39: =IFERROR(__xludf.DUMMYFUNCTION("""COMPUTED_VALUE"""),43882.66666666667) -> 43882.667 | H39: =IFERROR(__xludf.DUMMYFUNCTION("""COMPUTED_VALUE"""),78.26) -> 78.26
A40: =IFERROR(__xludf.DUMMYFUNCTION("""COMPUTED_VALUE"""),43885.66666666667) -> 43885.667 | B40: =IFERROR(__xludf.DUMMYFUNCTION("""COMPUTED_VALUE"""),58.65) -> 58.65 | C40: =IFERROR(__xludf.DUMMYFUNCTION("""COMPUTED_VALUE"""),43885.66666666667) -> 43885.667 | D40: =IFERROR(__xludf.DUMMYFUNCTION("""COMPUTED_VALUE"""),170.89) -> 170.89 | E40: =IFERROR(__xludf.DUMMYFUNCTION("""COMPUTED_VALUE"""),43885.66666666667) -> 43885.667 | F40: =IFERROR(__xludf.DUMMYFUNCTION("""COMPUTED_VALUE"""),55.59) -> 55.59 | G40: =IFERROR(__xludf.DUMMYFUNCTION("""COMPUTED_VALUE"""),43885.66666666667) -> 43885.667 | H40: =IFERROR(__xludf.DUMMYFUNCTION("""COMPUTED_VALUE"""),74.55) -> 74.55
A41: =IFERROR(__xludf.DUMMYFUNCTION("""COMPUTED_VALUE"""),43886.66666666667) -> 43886.667 | B41: =IFERROR(__xludf.DUMMYFUNCTION("""COMPUTED_VALUE"""),57.82) -> 57.82 | C41: =IFERROR(__xludf.DUMMYFUNCTION("""COMPUTED_VALUE"""),43886.66666666667) -> 43886.667 | D41: =IFERROR(__xludf.DUMMYFUNCTION("""COMPUTED_VALUE"""),168.07) -> 168.07 | E41: =IFERROR(__xludf.DUMMYFUNCTION("""COMPUTED_VALUE"""),43886.66666666667) -> 43886.667 | F41: =IFERROR(__xludf.DUMMYFUNCTION("""COMPUTED_VALUE"""),53.33) -> 53.33 | G41: =IFERROR(__xludf.DUMMYFUNCTION("""COMPUTED_VALUE"""),43886.66666666667) -> 43886.667 | H41: =IFERROR(__xludf.DUMMYFUNCTION("""COMPUTED_VALUE"""),72.02) -> 72.02
A42: =IFERROR(__xludf.DUMMYFUNCTION("""COMPUTED_VALUE"""),43887.66666666667) -> 43887.667 | B42: =IFERROR(__xludf.DUMMYFUNCTION("""COMPUTED_VALUE"""),57.6) -> 57.6 | C42: =IFERROR(__xludf.DUMMYFUNCTION("""COMPUTED_VALUE"""),43887.66666666667) -> 43887.667 | D42: =IFERROR(__xludf.DUMMYFUNCTION("""COMPUTED_VALUE"""),170.17) -> 170.17 | E42: =IFERROR(__xludf.DUMMYFUNCTION("""COMPUTED_VALUE"""),43887.66666666667) -> 43887.667 | F42: =IFERROR(__xludf.DUMMYFUNCTION("""COMPUTED_VALUE"""),51.92) -> 51.92 | G42: =IFERROR(__xludf.DUMMYFUNCTION("""COMPUTED_VALUE"""),43887.66666666667) -> 43887.667 | H42: =IFERROR(__xludf.DUMMYFUNCTION("""COMPUTED_VALUE"""),73.16) -> 73.16
A43: =IFERROR(__xludf.DUMMYFUNCTION("""COMPUTED_VALUE"""),43888.66666666667) -> 43888.667 | B43: =IFERROR(__xludf.DUMMYFUNCTION("""COMPUTED_VALUE"""),54.93) -> 54.93 | C43: =IFERROR(__xludf.DUMMYFUNCTION("""COMPUTED_VALUE"""),43888.66666666667) -> 43888.667 | D43: =IFERROR(__xludf.DUMMYFUNCTION("""COMPUTED_VALUE"""),158.18) -> 158.18 | E43: =IFERROR(__xludf.DUMMYFUNCTION("""COMPUTED_VALUE"""),43888.66666666667) -> 43888.667 | F43: =IFERROR(__xludf.DUMMYFUNCTION("""COMPUTED_VALUE"""),45.27) -> 45.27 | G43: =IFERROR(__xludf.DUMMYFUNCTION("""COMPUTED_VALUE"""),43888.66666666667) -> 43888.667 | H43: =IFERROR(__xludf.DUMMYFUNCTION("""COMPUTED_VALUE"""),68.38) -> 68.38
A44: =IFERROR(__xludf.DUMMYFUNCTION("""COMPUTED_VALUE"""),43889.66666666667) -> 43889.667 | B44: =IFERROR(__xludf.DUMMYFUNCTION("""COMPUTED_VALUE"""),53.49) -> 53.49 | C44: =IFERROR(__xludf.DUMMYFUNCTION("""COMPUTED_VALUE"""),43889.66666666667) -> 43889.667 | D44: =IFERROR(__xludf.DUMMYFUNCTION("""COMPUTED_VALUE"""),162.01) -> 162.01 | E44: =IFERROR(__xludf.DUMMYFUNCTION("""COMPUTED_VALUE"""),43889.66666666667) -> 43889.667 | F44: =IFERROR(__xludf.DUMMYFUNCTION("""COMPUTED_VALUE"""),44.53) -> 44.53 | G44: =IFERROR(__xludf.DUMMYFUNCTION("""COMPUTED_VALUE"""),43889.66666666667) -> 43889.667 | H44: =IFERROR(__xludf.DUMMYFUNCTION("""COMPUTED_VALUE"""),68.34) -> 68.34
A45: =IFERROR(__xludf.DUMMYFUNCTION("""COMPUTED_VALUE"""),43892.66666666667) -> 43892.667 | B45: =IFERROR(__xludf.DUMMYFUNCTION("""COMPUTED_VALUE"""),55.92) -> 55.92 | C45: =IFERROR(__xludf.DUMMYFUNCTION("""COMPUTED_VALUE"""),43892.66666666667) -> 43892.667 | D45: =IFERROR(__xludf.DUMMYFUNCTION("""COMPUTED_VALUE"""),172.79) -> 172.79 | E45: =IFERROR(__xludf.DUMMYFUNCTION("""COMPUTED_VALUE"""),43892.66666666667) -> 43892.667 | F45: =IFERROR(__xludf.DUMMYFUNCTION("""COMPUTED_VALUE"""),49.57) -> 49.57 | G45: =IFERROR(__xludf.DUMMYFUNCTION("""COMPUTED_VALUE"""),43892.66666666667) -> 43892.667 | H45: =IFERROR(__xludf.DUMMYFUNCTION("""COMPUTED_VALUE"""),74.7) -> 74.7
A46: =IFERROR(__xludf.DUMMYFUNCTION("""COMPUTED_VALUE"""),43893.66666666667) -> 43893.667 | B46: =IFERROR(__xludf.DUMMYFUNCTION("""COMPUTED_VALUE"""),56.06) -> 56.06 | C46: =IFERROR(__xludf.DUMMYFUNCTION("""COMPUTED_VALUE"""),43893.66666666667) -> 43893.667 | D46: =IFERROR(__xludf.DUMMYFUNCTION("""COMPUTED_VALUE"""),164.51) -> 164.51 | E46: =IFERROR(__xludf.DUMMYFUNCTION("""COMPUTED_VALUE"""),43893.66666666667) -> 43893.667 | F46: =IFERROR(__xludf.DUMMYFUNCTION("""COMPUTED_VALUE"""),49.7) -> 49.7 | G46: =IFERROR(__xludf.DUMMYFUNCTION("""COMPUTED_VALUE"""),43893.66666666667) -> 43893.667 | H46: =IFERROR(__xludf.DUMMYFUNCTION("""COMPUTED_VALUE"""),72.33) -> 72.33
A47: =IFERROR(__xludf.DUMMYFUNCTION("""COMPUTED_VALUE"""),43894.66666666667) -> 43894.667 | B47: =IFERROR(__xludf.DUMMYFUNCTION("""COMPUTED_VALUE"""),58.92) -> 58.92 | C47: =IFERROR(__xludf.DUMMYFUNCTION("""COMPUTED_VALUE"""),43894.66666666667) -> 43894.667 | D47: =IFERROR(__xludf.DUMMYFUNCTION("""COMPUTED_VALUE"""),170.55) -> 170.55 | E47: =IFERROR(__xludf.DUMMYFUNCTION("""COMPUTED_VALUE"""),43894.66666666667) -> 43894.667 | F47: =IFERROR(__xludf.DUMMYFUNCTION("""COMPUTED_VALUE"""),49.97) -> 49.97 | G47: =IFERROR(__xludf.DUMMYFUNCTION("""COMPUTED_VALUE"""),43894.66666666667) -> 43894.667 | H47: =IFERROR(__xludf.DUMMYFUNCTION("""COMPUTED_VALUE"""),75.69) -> 75.69
A48: =IFERROR(__xludf.DUMMYFUNCTION("""COMPUTED_VALUE"""),43895.66666666667) -> 43895.667 | B48: =IFERROR(__xludf.DUMMYFUNCTION("""COMPUTED_VALUE"""),56.74) -> 56.74 | C48: =IFERROR(__xludf.DUMMYFUNCTION("""COMPUTED_VALUE"""),43895.66666666667) -> 43895.667 | D48: =IFERROR(__xludf.DUMMYFUNCTION("""COMPUTED_VALUE"""),166.27) -> 166.27 | E48: =IFERROR(__xludf.DUMMYFUNCTION("""COMPUTED_VALUE"""),43895.66666666667) -> 43895.667 | F48: =IFERROR(__xludf.DUMMYFUNCTION("""COMPUTED_VALUE"""),48.3) -> 48.3 | G48: =IFERROR(__xludf.DUMMYFUNCTION("""COMPUTED_VALUE"""),43895.66666666667) -> 43895.667 | H48: =IFERROR(__xludf.DUMMYFUNCTION("""COMPUTED_VALUE"""),73.23) -> 73.23
A49: =IFERROR(__xludf.DUMMYFUNCTION("""COMPUTED_VALUE"""),43896.66666666667) -> 43896.667 | B49: =IFERROR(__xludf.DUMMYFUNCTION("""COMPUTED_VALUE"""),55.26) -> 55.26 | C49: =IFERROR(__xludf.DUMMYFUNCTION("""COMPUTED_VALUE"""),43896.66666666667) -> 43896.667 | D49: =IFERROR(__xludf.DUMMYFUNCTION("""COMPUTED_VALUE"""),161.57) -> 161.57 | E49: =IFERROR(__xludf.DUMMYFUNCTION("""COMPUTED_VALUE"""),43896.66666666667) -> 43896.667 | F49: =IFERROR(__xludf.DUMMYFUNCTION("""COMPUTED_VALUE"""),46.9) -> 46.9 | G49: =IFERROR(__xludf.DUMMYFUNCTION("""COMPUTED_VALUE"""),43896.66666666667) -> 43896.667 | H49: =IFERROR(__xludf.DUMMYFUNCTION("""COMPUTED_VALUE"""),72.26) -> 72.26
A50: =IFERROR(__xludf.DUMMYFUNCTION("""COMPUTED_VALUE"""),43899.66666666667) -> 43899.667 | B50: =IFERROR(__xludf.DUMMYFUNCTION("""COMPUTED_VALUE"""),51.86) -> 51.86 | C50: =IFERROR(__xludf.DUMMYFUNCTION("""COMPUTED_VALUE"""),43899.66666666667) -> 43899.667 | D50: =IFERROR(__xludf.DUMMYFUNCTION("""COMPUTED_VALUE"""),150.62) -> 150.62 | E50: =IFERROR(__xludf.DUMMYFUNCTION("""COMPUTED_VALUE"""),43899.66666666667) -> 43899.667 | F50: =IFERROR(__xludf.DUMMYFUNCTION("""COMPUTED_VALUE"""),40.53) -> 40.53 | G50: =IFERROR(__xludf.DUMMYFUNCTION("""COMPUTED_VALUE"""),43899.66666666667) -> 43899.667 | H50: =IFERROR(__xludf.DUMMYFUNCTION("""COMPUTED_VALUE"""),66.54) -> 66.54
A51: =IFERROR(__xludf.DUMMYFUNCTION("""COMPUTED_VALUE"""),43900.66666666667) -> 43900.667 | B51: =IFERROR(__xludf.DUMMYFUNCTION("""COMPUTED_VALUE"""),53.66) -> 53.66 | C51: =IFERROR(__xludf.DUMMYFUNCTION("""COMPUTED_VALUE"""),43900.66666666667) -> 43900.667 | D51: =IFERROR(__xludf.DUMMYFUNCTION("""COMPUTED_VALUE"""),160.92) -> 160.92 | E51: =IFERROR(__xludf.DUMMYFUNCTION("""COMPUTED_VALUE"""),43900.66666666667) -> 43900.667 | F51: =IFERROR(__xludf.DUMMYFUNCTION("""COMPUTED_VALUE"""),43.02) -> 43.02 | G51: =IFERROR(__xludf.DUMMYFUNCTION("""COMPUTED_VALUE"""),43900.66666666667) -> 43900.667 | H51: =IFERROR(__xludf.DUMMYFUNCTION("""COMPUTED_VALUE"""),71.33) -> 71.33
A52: =IFERROR(__xludf.DUMMYFUNCTION("""COMPUTED_VALUE"""),43901.66666666667) -> 43901.667 | B52: =IFERROR(__xludf.DUMMYFUNCTION("""COMPUTED_VALUE"""),52.21) -> 52.21 | C52: =IFERROR(__xludf.DUMMYFUNCTION("""COMPUTED_VALUE"""),43901.66666666667) -> 43901.667 | D52: =IFERROR(__xludf.DUMMYFUNCTION("""COMPUTED_VALUE"""),153.63) -> 153.63 | E52: =IFERROR(__xludf.DUMMYFUNCTION("""COMPUTED_VALUE"""),43901.66666666667) -> 43901.667 | F52: =IFERROR(__xludf.DUMMYFUNCTION("""COMPUTED_VALUE"""),42.28) -> 42.28 | G52: =IFERROR(__xludf.DUMMYFUNCTION("""COMPUTED_VALUE"""),43901.66666666667) -> 43901.667 | H52: =IFERROR(__xludf.DUMMYFUNCTION("""COMPUTED_VALUE"""),68.86) -> 68.86
A53: =IFERROR(__xludf.DUMMYFUNCTION("""COMPUTED_VALUE"""),43902.66666666667) -> 43902.667 | B53: =IFERROR(__xludf.DUMMYFUNCTION("""COMPUTED_VALUE"""),47.16) -> 47.16 | C53: =IFERROR(__xludf.DUMMYFUNCTION("""COMPUTED_VALUE"""),43902.66666666667) -> 43902.667 | D53: =IFERROR(__xludf.DUMMYFUNCTION("""COMPUTED_VALUE"""),139.06) -> 139.06 | E53: =IFERROR(__xludf.DUMMYFUNCTION("""COMPUTED_VALUE"""),43902.66666666667) -> 43902.667 | F53: =IFERROR(__xludf.DUMMYFUNCTION("""COMPUTED_VALUE"""),37.37) -> 37.37 | G53: =IFERROR(__xludf.DUMMYFUNCTION("""COMPUTED_VALUE"""),43902.66666666667) -> 43902.667 | H53: =IFERROR(__xludf.DUMMYFUNCTION("""COMPUTED_VALUE"""),62.06) -> 62.06
A54: =IFERROR(__xludf.DUMMYFUNCTION("""COMPUTED_VALUE"""),43903.66666666667) -> 43903.667 | B54: =IFERROR(__xludf.DUMMYFUNCTION("""COMPUTED_VALUE"""),48.47) -> 48.47 | C54: =IFERROR(__xludf.DUMMYFUNCTION("""COMPUTED_VALUE"""),43903.66666666667) -> 43903.667 | D54: =IFERROR(__xludf.DUMMYFUNCTION("""COMPUTED_VALUE"""),158.83) -> 158.83 | E54: =IFERROR(__xludf.DUMMYFUNCTION("""COMPUTED_VALUE"""),43903.66666666667) -> 43903.667 | F54: =IFERROR(__xludf.DUMMYFUNCTION("""COMPUTED_VALUE"""),36.44) -> 36.44 | G54: =IFERROR(__xludf.DUMMYFUNCTION("""COMPUTED_VALUE"""),43903.66666666667) -> 43903.667 | H54: =IFERROR(__xludf.DUMMYFUNCTION("""COMPUTED_VALUE"""),69.49) -> 69.49
A55: =IFERROR(__xludf.DUMMYFUNCTION("""COMPUTED_VALUE"""),43906.66666666667) -> 43906.667 | B55: =IFERROR(__xludf.DUMMYFUNCTION("""COMPUTED_VALUE"""),45.26) -> 45.26 | C55: =IFERROR(__xludf.DUMMYFUNCTION("""COMPUTED_VALUE"""),43906.66666666667) -> 43906.667 | D55: =IFERROR(__xludf.DUMMYFUNCTION("""COMPUTED_VALUE"""),135.42) -> 135.42 | E55: =IFERROR(__xludf.DUMMYFUNCTION("""COMPUTED_VALUE"""),43906.66666666667) -> 43906.667 | F55: =IFERROR(__xludf.DUMMYFUNCTION("""COMPUTED_VALUE"""),29.67) -> 29.67 | G55: =IFERROR(__xludf.DUMMYFUNCTION("""COMPUTED_VALUE"""),43906.66666666667) -> 43906.667 | H55: =IFERROR(__xludf.DUMMYFUNCTION("""COMPUTED_VALUE"""),60.55) -> 60.55
A56: =IFERROR(__xludf.DUMMYFUNCTION("""COMPUTED_VALUE"""),43907.66666666667) -> 43907.667 | B56: =IFERROR(__xludf.DUMMYFUNCTION("""COMPUTED_VALUE"""),47.18) -> 47.18 | C56: =IFERROR(__xludf.DUMMYFUNCTION("""COMPUTED_VALUE"""),43907.66666666667) -> 43907.667 | D56: =IFERROR(__xludf.DUMMYFUNCTION("""COMPUTED_VALUE"""),146.57) -> 146.57 | E56: =IFERROR(__xludf.DUMMYFUNCTION("""COMPUTED_VALUE"""),43907.66666666667) -> 43907.667 | F56: =IFERROR(__xludf.DUMMYFUNCTION("""COMPUTED_VALUE"""),28.68) -> 28.68 | G56: =IFERROR(__xludf.DUMMYFUNCTION("""COMPUTED_VALUE"""),43907.66666666667) -> 43907.667 | H56: =IFERROR(__xludf.DUMMYFUNCTION("""COMPUTED_VALUE"""),63.22) -> 63.22
A57: =IFERROR(__xludf.DUMMYFUNCTION("""COMPUTED_VALUE"""),43908.66666666667) -> 43908.667 | B57: =IFERROR(__xludf.DUMMYFUNCTION("""COMPUTED_VALUE"""),44.85) -> 44.85 | C57: =IFERROR(__xludf.DUMMYFUNCTION("""COMPUTED_VALUE"""),43908.66666666667) -> 43908.667 | D57: =IFERROR(__xludf.DUMMYFUNCTION("""COMPUTED_VALUE"""),140.4) -> 140.4 | E57: =IFERROR(__xludf.DUMMYFUNCTION("""COMPUTED_VALUE"""),43908.66666666667) -> 43908.667 | F57: =IFERROR(__xludf.DUMMYFUNCTION("""COMPUTED_VALUE"""),24.08) -> 24.08 | G57: =IFERROR(__xludf.DUMMYFUNCTION("""COMPUTED_VALUE"""),43908.66666666667) -> 43908.667 | H57: =IFERROR(__xludf.DUMMYFUNCTION("""COMPUTED_VALUE"""),61.67) -> 61.67
A58: =IFERROR(__xludf.DUMMYFUNCTION("""COMPUTED_VALUE"""),43909.66666666667) -> 43909.667 | B58: =IFERROR(__xludf.DUMMYFUNCTION("""COMPUTED_VALUE"""),41.83) -> 41.83 | C58: =IFERROR(__xludf.DUMMYFUNCTION("""COMPUTED_VALUE"""),43909.66666666667) -> 43909.667 | D58: =IFERROR(__xludf.DUMMYFUNCTION("""COMPUTED_VALUE"""),142.71) -> 142.71 | E58: =IFERROR(__xludf.DUMMYFUNCTION("""COMPUTED_VALUE"""),43909.66666666667) -> 43909.667 | F58: =IFERROR(__xludf.DUMMYFUNCTION("""COMPUTED_VALUE"""),28.51) -> 28.51 | G58: =IFERROR(__xludf.DUMMYFUNCTION("""COMPUTED_VALUE"""),43909.66666666667) -> 43909.667 | H58: =IFERROR(__xludf.DUMMYFUNCTION("""COMPUTED_VALUE"""),61.2) -> 61.2
A59: =IFERROR(__xludf.DUMMYFUNCTION("""COMPUTED_VALUE"""),43910.66666666667) -> 43910.667 | B59: =IFERROR(__xludf.DUMMYFUNCTION("""COMPUTED_VALUE"""),38.3) -> 38.3 | C59: =IFERROR(__xludf.DUMMYFUNCTION("""COMPUTED_VALUE"""),43910.66666666667) -> 43910.667 | D59: =IFERROR(__xludf.DUMMYFUNCTION("""COMPUTED_VALUE"""),137.35) -> 137.35 | E59: =IFERROR(__xludf.DUMMYFUNCTION("""COMPUTED_VALUE"""),43910.66666666667) -> 43910.667 | F59: =IFERROR(__xludf.DUMMYFUNCTION("""COMPUTED_VALUE"""),28.5) -> 28.5 | G59: =IFERROR(__xludf.DUMMYFUNCTION("""COMPUTED_VALUE"""),43910.66666666667) -> 43910.667 | H59: =IFERROR(__xludf.DUMMYFUNCTION("""COMPUTED_VALUE"""),57.31) -> 57.31
A60: =IFERROR(__xludf.DUMMYFUNCTION("""COMPUTED_VALUE"""),43913.66666666667) -> 43913.667 | B60: =IFERROR(__xludf.DUMMYFUNCTION("""COMPUTED_VALUE"""),37.56) -> 37.56 | C60: =IFERROR(__xludf.DUMMYFUNCTION("""COMPUTED_VALUE"""),43913.66666666667) -> 43913.667 | D60: =IFERROR(__xludf.DUMMYFUNCTION("""COMPUTED_VALUE"""),135.98) -> 135.98 | E60: =IFERROR(__xludf.DUMMYFUNCTION("""COMPUTED_VALUE"""),43913.66666666667) -> 43913.667 | F60: =IFERROR(__xludf.DUMMYFUNCTION("""COMPUTED_VALUE"""),28.95) -> 28.95 | G60: =IFERROR(__xludf.DUMMYFUNCTION("""COMPUTED_VALUE"""),43913.66666666667) -> 43913.667 | H60: =IFERROR(__xludf.DUMMYFUNCTION("""COMPUTED_VALUE"""),56.09) -> 56.09
A61: =IFERROR(__xludf.DUMMYFUNCTION("""COMPUTED_VALUE"""),43914.66666666667) -> 43914.667 | B61: =IFERROR(__xludf.DUMMYFUNCTION("""COMPUTED_VALUE"""),39.45) -> 39.45 | C61: =IFERROR(__xludf.DUMMYFUNCTION("""COMPUTED_VALUE"""),43914.66666666667) -> 43914.667 | D61: =IFERROR(__xludf.DUMMYFUNCTION("""COMPUTED_VALUE"""),148.34) -> 148.34 | E61: =IFERROR(__xludf.DUMMYFUNCTION("""COMPUTED_VALUE"""),43914.66666666667) -> 43914.667 | F61: =IFERROR(__xludf.DUMMYFUNCTION("""COMPUTED_VALUE"""),33.67) -> 33.67 | G61: =IFERROR(__xludf.DUMMYFUNCTION("""COMPUTED_VALUE"""),43914.66666666667) -> 43914.667 | H61: =IFERROR(__xludf.DUMMYFUNCTION("""COMPUTED_VALUE"""),61.72) -> 61.72
A62: =IFERROR(__xludf.DUMMYFUNCTION("""COMPUTED_VALUE"""),43915.66666666667) -> 43915.667 | B62: =IFERROR(__xludf.DUMMYFUNCTION("""COMPUTED_VALUE"""),41.61) -> 41.61 | C62: =IFERROR(__xludf.DUMMYFUNCTION("""COMPUTED_VALUE"""),43915.66666666667) -> 43915.667 | D62: =IFERROR(__xludf.DUMMYFUNCTION("""COMPUTED_VALUE"""),146.92) -> 146.92 | E62: =IFERROR(__xludf.DUMMYFUNCTION("""COMPUTED_VALUE"""),43915.66666666667) -> 43915.667 | F62: =IFERROR(__xludf.DUMMYFUNCTION("""COMPUTED_VALUE"""),35.95) -> 35.95 | G62: =IFERROR(__xludf.DUMMYFUNCTION("""COMPUTED_VALUE"""),43915.66666666667) -> 43915.667 | H62: =IFERROR(__xludf.DUMMYFUNCTION("""COMPUTED_VALUE"""),61.38) -> 61.38
A63: =IFERROR(__xludf.DUMMYFUNCTION("""COMPUTED_VALUE"""),43916.66666666667) -> 43916.667 | B63: =IFERROR(__xludf.DUMMYFUNCTION("""COMPUTED_VALUE"""),44.29) -> 44.29 | C63: =IFERROR(__xludf.DUMMYFUNCTION("""COMPUTED_VALUE"""),43916.66666666667) -> 43916.667 | D63: =IFERROR(__xludf.DUMMYFUNCTION("""COMPUTED_VALUE"""),156.11) -> 156.11 | E63: =IFERROR(__xludf.DUMMYFUNCTION("""COMPUTED_VALUE"""),43916.66666666667) -> 43916.667 | F63: =IFERROR(__xludf.DUMMYFUNCTION("""COMPUTED_VALUE"""),35.21) -> 35.21 | G63: =IFERROR(__xludf.DUMMYFUNCTION("""COMPUTED_VALUE"""),43916.66666666667) -> 43916.667 | H63: =IFERROR(__xludf.DUMMYFUNCTION("""COMPUTED_VALUE"""),64.61) -> 64.61
A64: =IFERROR(__xludf.DUMMYFUNCTION("""COMPUTED_VALUE"""),43917.66666666667) -> 43917.667 | B64: =IFERROR(__xludf.DUMMYFUNCTION("""COMPUTED_VALUE"""),42.81) -> 42.81 | C64: =IFERROR(__xludf.DUMMYFUNCTION("""COMPUTED_VALUE"""),43917.66666666667) -> 43917.667 | D64: =IFERROR(__xludf.DUMMYFUNCTION("""COMPUTED_VALUE"""),149.7) -> 149.7 | E64: =IFERROR(__xludf.DUMMYFUNCTION("""COMPUTED_VALUE"""),43917.66666666667) -> 43917.667 | F64: =IFERROR(__xludf.DUMMYFUNCTION("""COMPUTED_VALUE"""),34.29) -> 34.29 | G64: =IFERROR(__xludf.DUMMYFUNCTION("""COMPUTED_VALUE"""),43917.66666666667) -> 43917.667 | H64: =IFERROR(__xludf.DUMMYFUNCTION("""COMPUTED_VALUE"""),61.94) -> 61.94
A65: =IFERROR(__xludf.DUMMYFUNCTION("""COMPUTED_VALUE"""),43920.66666666667) -> 43920.667 | B65: =IFERROR(__xludf.DUMMYFUNCTION("""COMPUTED_VALUE"""),45.0) -> 45 | C65: =IFERROR(__xludf.DUMMYFUNCTION("""COMPUTED_VALUE"""),43920.66666666667) -> 43920.667 | D65: =IFERROR(__xludf.DUMMYFUNCTION("""COMPUTED_VALUE"""),160.23) -> 160.23 | E65: =IFERROR(__xludf.DUMMYFUNCTION("""COMPUTED_VALUE"""),43920.66666666667) -> 43920.667 | F65: =IFERROR(__xludf.DUMMYFUNCTION("""COMPUTED_VALUE"""),33.48) -> 33.48 | G65: =IFERROR(__xludf.DUMMYFUNCTION("""COMPUTED_VALUE"""),43920.66666666667) -> 43920.667 | H65: =IFERROR(__xludf.DUMMYFUNCTION("""COMPUTED_VALUE"""),63.7) -> 63.7
A66: =IFERROR(__xludf.DUMMYFUNCTION("""COMPUTED_VALUE"""),43921.66666666667) -> 43921.667 | B66: =IFERROR(__xludf.DUMMYFUNCTION("""COMPUTED_VALUE"""),44.25) -> 44.25 | C66: =IFERROR(__xludf.DUMMYFUNCTION("""COMPUTED_VALUE"""),43921.66666666667) -> 43921.667 | D66: =IFERROR(__xludf.DUMMYFUNCTION("""COMPUTED_VALUE"""),157.71) -> 157.71 | E66: =IFERROR(__xludf.DUMMYFUNCTION("""COMPUTED_VALUE"""),43921.66666666667) -> 43921.667 | F66: =IFERROR(__xludf.DUMMYFUNCTION("""COMPUTED_VALUE"""),34.93) -> 34.93 | G66: =IFERROR(__xludf.DUMMYFUNCTION("""COMPUTED_VALUE"""),43921.66666666667) -> 43921.667 | H66: =IFERROR(__xludf.DUMMYFUNCTION("""COMPUTED_VALUE"""),63.57) -> 63.57
A67: =IFERROR(__xludf.DUMMYFUNCTION("""COMPUTED_VALUE"""),43922.66666666667) -> 43922.667 | B67: =IFERROR(__xludf.DUMMYFUNCTION("""COMPUTED_VALUE"""),42.12) -> 42.12 | C67: =IFERROR(__xludf.DUMMYFUNCTION("""COMPUTED_VALUE"""),43922.66666666667) -> 43922.667 | D67: =IFERROR(__xludf.DUMMYFUNCTION("""COMPUTED_VALUE"""),152.11) -> 152.11 | E67: =IFERROR(__xludf.DUMMYFUNCTION("""COMPUTED_VALUE"""),43922.66666666667) -> 43922.667 | F67: =IFERROR(__xludf.DUMMYFUNCTION("""COMPUTED_VALUE"""),32.1) -> 32.1 | G67: =IFERROR(__xludf.DUMMYFUNCTION("""COMPUTED_VALUE"""),43922.66666666667) -> 43922.667 | H67: =IFERROR(__xludf.DUMMYFUNCTION("""COMPUTED_VALUE"""),60.23) -> 60.23
A68: =IFERROR(__xludf.DUMMYFUNCTION("""COMPUTED_VALUE"""),43923.66666666667) -> 43923.667 | B68: =IFERROR(__xludf.DUMMYFUNCTION("""COMPUTED_VALUE"""),43.95) -> 43.95 | C68: =IFERROR(__xludf.DUMMYFUNCTION("""COMPUTED_VALUE"""),43923.66666666667) -> 43923.667 | D68: =IFERROR(__xludf.DUMMYFUNCTION("""COMPUTED_VALUE"""),155.26) -> 155.26 | E68: =IFERROR(__xludf.DUMMYFUNCTION("""COMPUTED_VALUE"""),43923.66666666667) -> 43923.667 | F68: =IFERROR(__xludf.DUMMYFUNCTION("""COMPUTED_VALUE"""),30.3) -> 30.3 | G68: =IFERROR(__xludf.DUMMYFUNCTION("""COMPUTED_VALUE"""),43923.66666666667) -> 43923.667 | H68: =IFERROR(__xludf.DUMMYFUNCTION("""COMPUTED_VALUE"""),61.23) -> 61.23
A69: =IFERROR(__xludf.DUMMYFUNCTION("""COMPUTED_VALUE"""),43924.66666666667) -> 43924.667 | B69: =IFERROR(__xludf.DUMMYFUNCTION("""COMPUTED_VALUE"""),43.83) -> 43.83 | C69: =IFERROR(__xludf.DUMMYFUNCTION("""COMPUTED_VALUE"""),43924.66666666667) -> 43924.667 | D69: =IFERROR(__xludf.DUMMYFUNCTION("""COMPUTED_VALUE"""),153.83) -> 153.83 | E69: =IFERROR(__xludf.DUMMYFUNCTION("""COMPUTED_VALUE"""),43924.66666666667) -> 43924.667 | F69: =IFERROR(__xludf.DUMMYFUNCTION("""COMPUTED_VALUE"""),32.0) -> 32 | G69: =IFERROR(__xludf.DUMMYFUNCTION("""COMPUTED_VALUE"""),43924.66666666667) -> 43924.667 | H69: =IFERROR(__xludf.DUMMYFUNCTION("""COMPUTED_VALUE"""),60.35) -> 60.35
A70: =IFERROR(__xludf.DUMMYFUNCTION("""COMPUTED_VALUE"""),43927.66666666667) -> 43927.667 | B70: =IFERROR(__xludf.DUMMYFUNCTION("""COMPUTED_VALUE"""),46.67) -> 46.67 | C70: =IFERROR(__xludf.DUMMYFUNCTION("""COMPUTED_VALUE"""),43927.66666666667) -> 43927.667 | D70: =IFERROR(__xludf.DUMMYFUNCTION("""COMPUTED_VALUE"""),165.27) -> 165.27 | E70: =IFERROR(__xludf.DUMMYFUNCTION("""COMPUTED_VALUE"""),43927.66666666667) -> 43927.667 | F70: =IFERROR(__xludf.DUMMYFUNCTION("""COMPUTED_VALUE"""),34.42) -> 34.42 | G70: =IFERROR(__xludf.DUMMYFUNCTION("""COMPUTED_VALUE"""),43927.66666666667) -> 43927.667 | H70: =IFERROR(__xludf.DUMMYFUNCTION("""COMPUTED_VALUE"""),65.62) -> 65.62
A71: =IFERROR(__xludf.DUMMYFUNCTION("""COMPUTED_VALUE"""),43928.66666666667) -> 43928.667 | B71: =IFERROR(__xludf.DUMMYFUNCTION("""COMPUTED_VALUE"""),46.51) -> 46.51 | C71: =IFERROR(__xludf.DUMMYFUNCTION("""COMPUTED_VALUE"""),43928.66666666667) -> 43928.667 | D71: =IFERROR(__xludf.DUMMYFUNCTION("""COMPUTED_VALUE"""),163.49) -> 163.49 | E71: =IFERROR(__xludf.DUMMYFUNCTION("""COMPUTED_VALUE"""),43928.66666666667) -> 43928.667 | F71: =IFERROR(__xludf.DUMMYFUNCTION("""COMPUTED_VALUE"""),36.36) -> 36.36 | G71: =IFERROR(__xludf.DUMMYFUNCTION("""COMPUTED_VALUE"""),43928.66666666667) -> 43928.667 | H71: =IFERROR(__xludf.DUMMYFUNCTION("""COMPUTED_VALUE"""),64.86) -> 64.86
A72: =IFERROR(__xludf.DUMMYFUNCTION("""COMPUTED_VALUE"""),43929.66666666667) -> 43929.667 | B72: =IFERROR(__xludf.DUMMYFUNCTION("""COMPUTED_VALUE"""),47.82) -> 47.82 | C72: =IFERROR(__xludf.DUMMYFUNCTION("""COMPUTED_VALUE"""),43929.66666666667) -> 43929.667 | D72: =IFERROR(__xludf.DUMMYFUNCTION("""COMPUTED_VALUE"""),165.13) -> 165.13 | E72: =IFERROR(__xludf.DUMMYFUNCTION("""COMPUTED_VALUE"""),43929.66666666667) -> 43929.667 | F72: =IFERROR(__xludf.DUMMYFUNCTION("""COMPUTED_VALUE"""),36.59) -> 36.59 | G72: =IFERROR(__xludf.DUMMYFUNCTION("""COMPUTED_VALUE"""),43929.66666666667) -> 43929.667 | H72: =IFERROR(__xludf.DUMMYFUNCTION("""COMPUTED_VALUE"""),66.52) -> 66.52
A73: =IFERROR(__xludf.DUMMYFUNCTION("""COMPUTED_VALUE"""),43930.66666666667) -> 43930.667 | B73: =IFERROR(__xludf.DUMMYFUNCTION("""COMPUTED_VALUE"""),49.0) -> 49 | C73: =IFERROR(__xludf.DUMMYFUNCTION("""COMPUTED_VALUE"""),43930.66666666667) -> 43930.667 | D73: =IFERROR(__xludf.DUMMYFUNCTION("""COMPUTED_VALUE"""),165.14) -> 165.14 | E73: =IFERROR(__xludf.DUMMYFUNCTION("""COMPUTED_VALUE"""),43930.66666666667) -> 43930.667 | F73: =IFERROR(__xludf.DUMMYFUNCTION("""COMPUTED_VALUE"""),38.2) -> 38.2 | G73: =IFERROR(__xludf.DUMMYFUNCTION("""COMPUTED_VALUE"""),43930.66666666667) -> 43930.667 | H73: =IFERROR(__xludf.DUMMYFUNCTION("""COMPUTED_VALUE"""),67.0) -> 67
A74: =IFERROR(__xludf.DUMMYFUNCTION("""COMPUTED_VALUE"""),43934.66666666667) -> 43934.667 | B74: =IFERROR(__xludf.DUMMYFUNCTION("""COMPUTED_VALUE"""),46.93) -> 46.93 | C74: =IFERROR(__xludf.DUMMYFUNCTION("""COMPUTED_VALUE"""),43934.66666666667) -> 43934.667 | D74: =IFERROR(__xludf.DUMMYFUNCTION("""COMPUTED_VALUE"""),165.51) -> 165.51 | E74: =IFERROR(__xludf.DUMMYFUNCTION("""COMPUTED_VALUE"""),43934.66666666667) -> 43934.667 | F74: =IFERROR(__xludf.DUMMYFUNCTION("""COMPUTED_VALUE"""),43.4) -> 43.4 | G74: =IFERROR(__xludf.DUMMYFUNCTION("""COMPUTED_VALUE"""),43934.66666666667) -> 43934.667 | H74: =IFERROR(__xludf.DUMMYFUNCTION("""COMPUTED_VALUE"""),68.31) -> 68.31
A75: =IFERROR(__xludf.DUMMYFUNCTION("""COMPUTED_VALUE"""),43935.66666666667) -> 43935.667 | B75: =IFERROR(__xludf.DUMMYFUNCTION("""COMPUTED_VALUE"""),48.92) -> 48.92 | C75: =IFERROR(__xludf.DUMMYFUNCTION("""COMPUTED_VALUE"""),43935.66666666667) -> 43935.667 | D75: =IFERROR(__xludf.DUMMYFUNCTION("""COMPUTED_VALUE"""),173.7) -> 173.7 | E75: =IFERROR(__xludf.DUMMYFUNCTION("""COMPUTED_VALUE"""),43935.66666666667) -> 43935.667 | F75: =IFERROR(__xludf.DUMMYFUNCTION("""COMPUTED_VALUE"""),47.33) -> 47.33 | G75: =IFERROR(__xludf.DUMMYFUNCTION("""COMPUTED_VALUE"""),43935.66666666667) -> 43935.667 | H75: =IFERROR(__xludf.DUMMYFUNCTION("""COMPUTED_VALUE"""),71.76) -> 71.76
A76: =IFERROR(__xludf.DUMMYFUNCTION("""COMPUTED_VALUE"""),43936.66666666667) -> 43936.667 | B76: =IFERROR(__xludf.DUMMYFUNCTION("""COMPUTED_VALUE"""),47.61) -> 47.61 | C76: =IFERROR(__xludf.DUMMYFUNCTION("""COMPUTED_VALUE"""),43936.66666666667) -> 43936.667 | D76: =IFERROR(__xludf.DUMMYFUNCTION("""COMPUTED_VALUE"""),171.88) -> 171.88 | E76: =IFERROR(__xludf.DUMMYFUNCTION("""COMPUTED_VALUE"""),43936.66666666667) -> 43936.667 | F76: =IFERROR(__xludf.DUMMYFUNCTION("""COMPUTED_VALUE"""),48.66) -> 48.66 | G76: =IFERROR(__xludf.DUMMYFUNCTION("""COMPUTED_VALUE"""),43936.66666666667) -> 43936.667 | H76: =IFERROR(__xludf.DUMMYFUNCTION("""COMPUTED_VALUE"""),71.11) -> 71.11
A77: =IFERROR(__xludf.DUMMYFUNCTION("""COMPUTED_VALUE"""),43937.66666666667) -> 43937.667 | B77: =IFERROR(__xludf.DUMMYFUNCTION("""COMPUTED_VALUE"""),47.1) -> 47.1 | C77: =IFERROR(__xludf.DUMMYFUNCTION("""COMPUTED_VALUE"""),43937.66666666667) -> 43937.667 | D77: =IFERROR(__xludf.DUMMYFUNCTION("""COMPUTED_VALUE"""),177.04) -> 177.04 | E77: =IFERROR(__xludf.DUMMYFUNCTION("""COMPUTED_VALUE"""),43937.66666666667) -> 43937.667 | F77: =IFERROR(__xludf.DUMMYFUNCTION("""COMPUTED_VALUE"""),49.68) -> 49.68 | G77: =IFERROR(__xludf.DUMMYFUNCTION("""COMPUTED_VALUE"""),43937.66666666667) -> 43937.667 | H77: =IFERROR(__xludf.DUMMYFUNCTION("""COMPUTED_VALUE"""),71.67) -> 71.67
A78: =IFERROR(__xludf.DUMMYFUNCTION("""COMPUTED_VALUE"""),43938.66666666667) -> 43938.667 | B78: =IFERROR(__xludf.DUMMYFUNCTION("""COMPUTED_VALUE"""),48.06) -> 48.06 | C78: =IFERROR(__xludf.DUMMYFUNCTION("""COMPUTED_VALUE"""),43938.66666666667) -> 43938.667 | D78: =IFERROR(__xludf.DUMMYFUNCTION("""COMPUTED_VALUE"""),178.6) -> 178.6 | E78: =IFERROR(__xludf.DUMMYFUNCTION("""COMPUTED_VALUE"""),43938.66666666667) -> 43938.667 | F78: =IFERROR(__xludf.DUMMYFUNCTION("""COMPUTED_VALUE"""),50.26) -> 50.26 | G78: =IFERROR(__xludf.DUMMYFUNCTION("""COMPUTED_VALUE"""),43938.66666666667) -> 43938.667 | H78: =IFERROR(__xludf.DUMMYFUNCTION("""COMPUTED_VALUE"""),70.7) -> 70.7
A79: =IFERROR(__xludf.DUMMYFUNCTION("""COMPUTED_VALUE"""),43941.66666666667) -> 43941.667 | B79: =IFERROR(__xludf.DUMMYFUNCTION("""COMPUTED_VALUE"""),46.53) -> 46.53 | C79: =IFERROR(__xludf.DUMMYFUNCTION("""COMPUTED_VALUE"""),43941.66666666667) -> 43941.667 | D79: =IFERROR(__xludf.DUMMYFUNCTION("""COMPUTED_VALUE"""),175.06) -> 175.06 | E79: =IFERROR(__xludf.DUMMYFUNCTION("""COMPUTED_VALUE"""),43941.66666666667) -> 43941.667 | F79: =IFERROR(__xludf.DUMMYFUNCTION("""COMPUTED_VALUE"""),49.76) -> 49.76 | G79: =IFERROR(__xludf.DUMMYFUNCTION("""COMPUTED_VALUE"""),43941.66666666667) -> 43941.667 | H79: =IFERROR(__xludf.DUMMYFUNCTION("""COMPUTED_VALUE"""),69.23) -> 69.23
A80: =IFERROR(__xludf.DUMMYFUNCTION("""COMPUTED_VALUE"""),43942.66666666667) -> 43942.667 | B80: =IFERROR(__xludf.DUMMYFUNCTION("""COMPUTED_VALUE"""),45.38) -> 45.38 | C80: =IFERROR(__xludf.DUMMYFUNCTION("""COMPUTED_VALUE"""),43942.66666666667) -> 43942.667 | D80: =IFERROR(__xludf.DUMMYFUNCTION("""COMPUTED_VALUE"""),167.82) -> 167.82 | E80: =IFERROR(__xludf.DUMMYFUNCTION("""COMPUTED_VALUE"""),43942.66666666667) -> 43942.667 | F80: =IFERROR(__xludf.DUMMYFUNCTION("""COMPUTED_VALUE"""),45.78) -> 45.78 | G80: =IFERROR(__xludf.DUMMYFUNCTION("""COMPUTED_VALUE"""),43942.66666666667) -> 43942.667 | H80: =IFERROR(__xludf.DUMMYFUNCTION("""COMPUTED_VALUE"""),67.09) -> 67.09
A81: =IFERROR(__xludf.DUMMYFUNCTION("""COMPUTED_VALUE"""),43943.66666666667) -> 43943.667 | B81: =IFERROR(__xludf.DUMMYFUNCTION("""COMPUTED_VALUE"""),45.68) -> 45.68 | C81: =IFERROR(__xludf.DUMMYFUNCTION("""COMPUTED_VALUE"""),43943.66666666667) -> 43943.667 | D81: =IFERROR(__xludf.DUMMYFUNCTION("""COMPUTED_VALUE"""),173.52) -> 173.52 | E81: =IFERROR(__xludf.DUMMYFUNCTION("""COMPUTED_VALUE"""),43943.66666666667) -> 43943.667 | F81: =IFERROR(__xludf.DUMMYFUNCTION("""COMPUTED_VALUE"""),48.81) -> 48.81 | G81: =IFERROR(__xludf.DUMMYFUNCTION("""COMPUTED_VALUE"""),43943.66666666667) -> 43943.667 | H81: =IFERROR(__xludf.DUMMYFUNCTION("""COMPUTED_VALUE"""),69.03) -> 69.03
A82: =IFERROR(__xludf.DUMMYFUNCTION("""COMPUTED_VALUE"""),43944.66666666667) -> 43944.667 | B82: =IFERROR(__xludf.DUMMYFUNCTION("""COMPUTED_VALUE"""),45.07) -> 45.07 | C82: =IFERROR(__xludf.DUMMYFUNCTION("""COMPUTED_VALUE"""),43944.66666666667) -> 43944.667 | D82: =IFERROR(__xludf.DUMMYFUNCTION("""COMPUTED_VALUE"""),171.42) -> 171.42 | E82: =IFERROR(__xludf.DUMMYFUNCTION("""COMPUTED_VALUE"""),43944.66666666667) -> 43944.667 | F82: =IFERROR(__xludf.DUMMYFUNCTION("""COMPUTED_VALUE"""),47.04) -> 47.04 | G82: =IFERROR(__xludf.DUMMYFUNCTION("""COMPUTED_VALUE"""),43944.66666666667) -> 43944.667 | H82: =IFERROR(__xludf.DUMMYFUNCTION("""COMPUTED_VALUE"""),68.76) -> 68.76
A83: =IFERROR(__xludf.DUMMYFUNCTION("""COMPUTED_VALUE"""),43945.66666666667) -> 43945.667 | B83: =IFERROR(__xludf.DUMMYFUNCTION("""COMPUTED_VALUE"""),45.43) -> 45.43 | C83: =IFERROR(__xludf.DUMMYFUNCTION("""COMPUTED_VALUE"""),43945.66666666667) -> 43945.667 | D83: =IFERROR(__xludf.DUMMYFUNCTION("""COMPUTED_VALUE"""),174.55) -> 174.55 | E83: =IFERROR(__xludf.DUMMYFUNCTION("""COMPUTED_VALUE"""),43945.66666666667) -> 43945.667 | F83: =IFERROR(__xludf.DUMMYFUNCTION("""COMPUTED_VALUE"""),48.34) -> 48.34 | G83: =IFERROR(__xludf.DUMMYFUNCTION("""COMPUTED_VALUE"""),43945.66666666667) -> 43945.667 | H83: =IFERROR(__xludf.DUMMYFUNCTION("""COMPUTED_VALUE"""),70.74) -> 70.74
A84: =IFERROR(__xludf.DUMMYFUNCTION("""COMPUTED_VALUE"""),43948.66666666667) -> 43948.667 | B84: =IFERROR(__xludf.DUMMYFUNCTION("""COMPUTED_VALUE"""),46.78) -> 46.78 | C84: =IFERROR(__xludf.DUMMYFUNCTION("""COMPUTED_VALUE"""),43948.66666666667) -> 43948.667 | D84: =IFERROR(__xludf.DUMMYFUNCTION("""COMPUTED_VALUE"""),174.05) -> 174.05 | E84: =IFERROR(__xludf.DUMMYFUNCTION("""COMPUTED_VALUE"""),43948.66666666667) -> 43948.667 | F84: =IFERROR(__xludf.DUMMYFUNCTION("""COMPUTED_VALUE"""),53.25) -> 53.25 | G84: =IFERROR(__xludf.DUMMYFUNCTION("""COMPUTED_VALUE"""),43948.66666666667) -> 43948.667 | H84: =IFERROR(__xludf.DUMMYFUNCTION("""COMPUTED_VALUE"""),70.79) -> 70.79
A85: =IFERROR(__xludf.DUMMYFUNCTION("""COMPUTED_VALUE"""),43949.66666666667) -> 43949.667 | B85: =IFERROR(__xludf.DUMMYFUNCTION("""COMPUTED_VALUE"""),46.74) -> 46.74 | C85: =IFERROR(__xludf.DUMMYFUNCTION("""COMPUTED_VALUE"""),43949.66666666667) -> 43949.667 | D85: =IFERROR(__xludf.DUMMYFUNCTION("""COMPUTED_VALUE"""),169.81) -> 169.81 | E85: =IFERROR(__xludf.DUMMYFUNCTION("""COMPUTED_VALUE"""),43949.66666666667) -> 43949.667 | F85: =IFERROR(__xludf.DUMMYFUNCTION("""COMPUTED_VALUE"""),51.27) -> 51.27 | G85: =IFERROR(__xludf.DUMMYFUNCTION("""COMPUTED_VALUE"""),43949.66666666667) -> 43949.667 | H85: =IFERROR(__xludf.DUMMYFUNCTION("""COMPUTED_VALUE"""),69.65) -> 69.65
A86: =IFERROR(__xludf.DUMMYFUNCTION("""COMPUTED_VALUE"""),43950.66666666667) -> 43950.667 | B86: =IFERROR(__xludf.DUMMYFUNCTION("""COMPUTED_VALUE"""),47.12) -> 47.12 | C86: =IFERROR(__xludf.DUMMYFUNCTION("""COMPUTED_VALUE"""),43950.66666666667) -> 43950.667 | D86: =IFERROR(__xludf.DUMMYFUNCTION("""COMPUTED_VALUE"""),177.43) -> 177.43 | E86: =IFERROR(__xludf.DUMMYFUNCTION("""COMPUTED_VALUE"""),43950.66666666667) -> 43950.667 | F86: =IFERROR(__xludf.DUMMYFUNCTION("""COMPUTED_VALUE"""),53.37) -> 53.37 | G86: =IFERROR(__xludf.DUMMYFUNCTION("""COMPUTED_VALUE"""),43950.66666666667) -> 43950.667 | H86: =IFERROR(__xludf.DUMMYFUNCTION("""COMPUTED_VALUE"""),71.93) -> 71.93
A87: =IFERROR(__xludf.DUMMYFUNCTION("""COMPUTED_VALUE"""),43951.66666666667) -> 43951.667 | B87: =IFERROR(__xludf.DUMMYFUNCTION("""COMPUTED_VALUE"""),45.89) -> 45.89 | C87: =IFERROR(__xludf.DUMMYFUNCTION("""COMPUTED_VALUE"""),43951.66666666667) -> 43951.667 | D87: =IFERROR(__xludf.DUMMYFUNCTION("""COMPUTED_VALUE"""),179.21) -> 179.21 | E87: =IFERROR(__xludf.DUMMYFUNCTION("""COMPUTED_VALUE"""),43951.66666666667) -> 43951.667 | F87: =IFERROR(__xludf.DUMMYFUNCTION("""COMPUTED_VALUE"""),52.13) -> 52.13 | G87: =IFERROR(__xludf.DUMMYFUNCTION("""COMPUTED_VALUE"""),43951.66666666667) -> 43951.667 | H87: =IFERROR(__xludf.DUMMYFUNCTION("""COMPUTED_VALUE"""),73.45) -> 73.45
A88: =IFERROR(__xludf.DUMMYFUNCTION("""COMPUTED_VALUE"""),43952.66666666667) -> 43952.667 | B88: =IFERROR(__xludf.DUMMYFUNCTION("""COMPUTED_VALUE"""),45.6) -> 45.6 | C88: =IFERROR(__xludf.DUMMYFUNCTION("""COMPUTED_VALUE"""),43952.66666666667) -> 43952.667 | D88: =IFERROR(__xludf.DUMMYFUNCTION("""COMPUTED_VALUE"""),174.57) -> 174.57 | E88: =IFERROR(__xludf.DUMMYFUNCTION("""COMPUTED_VALUE"""),43952.66666666667) -> 43952.667 | F88: =IFERROR(__xludf.DUMMYFUNCTION("""COMPUTED_VALUE"""),46.75) -> 46.75 | G88: =IFERROR(__xludf.DUMMYFUNCTION("""COMPUTED_VALUE"""),43952.66666666667) -> 43952.667 | H88: =IFERROR(__xludf.DUMMYFUNCTION("""COMPUTED_VALUE"""),72.27) -> 72.27
A89: =IFERROR(__xludf.DUMMYFUNCTION("""COMPUTED_VALUE"""),43955.66666666667) -> 43955.667 | B89: =IFERROR(__xludf.DUMMYFUNCTION("""COMPUTED_VALUE"""),45.14) -> 45.14 | C89: =IFERROR(__xludf.DUMMYFUNCTION("""COMPUTED_VALUE"""),43955.66666666667) -> 43955.667 | D89: =IFERROR(__xludf.DUMMYFUNCTION("""COMPUTED_VALUE"""),178.84) -> 178.84 | E89: =IFERROR(__xludf.DUMMYFUNCTION("""COMPUTED_VALUE"""),43955.66666666667) -> 43955.667 | F89: =IFERROR(__xludf.DUMMYFUNCTION("""COMPUTED_VALUE"""),50.75) -> 50.75 | G89: =IFERROR(__xludf.DUMMYFUNCTION("""COMPUTED_VALUE"""),43955.66666666667) -> 43955.667 | H89: =IFERROR(__xludf.DUMMYFUNCTION("""COMPUTED_VALUE"""),73.29) -> 73.29
A90: =IFERROR(__xludf.DUMMYFUNCTION("""COMPUTED_VALUE"""),43956.66666666667) -> 43956.667 | B90: =IFERROR(__xludf.DUMMYFUNCTION("""COMPUTED_VALUE"""),45.4) -> 45.4 | C90: =IFERROR(__xludf.DUMMYFUNCTION("""COMPUTED_VALUE"""),43956.66666666667) -> 43956.667 | D90: =IFERROR(__xludf.DUMMYFUNCTION("""COMPUTED_VALUE"""),180.76) -> 180.76 | E90: =IFERROR(__xludf.DUMMYFUNCTION("""COMPUTED_VALUE"""),43956.66666666667) -> 43956.667 | F90: =IFERROR(__xludf.DUMMYFUNCTION("""COMPUTED_VALUE"""),51.21) -> 51.21 | G90: =IFERROR(__xludf.DUMMYFUNCTION("""COMPUTED_VALUE"""),43956.66666666667) -> 43956.667 | H90: =IFERROR(__xludf.DUMMYFUNCTION("""COMPUTED_VALUE"""),74.39) -> 74.39
A91: =IFERROR(__xludf.DUMMYFUNCTION("""COMPUTED_VALUE"""),43957.66666666667) -> 43957.667 | B91: =IFERROR(__xludf.DUMMYFUNCTION("""COMPUTED_VALUE"""),44.75) -> 44.75 | C91: =IFERROR(__xludf.DUMMYFUNCTION("""COMPUTED_VALUE"""),43957.66666666667) -> 43957.667 | D91: =IFERROR(__xludf.DUMMYFUNCTION("""COMPUTED_VALUE"""),182.54) -> 182.54 | E91: =IFERROR(__xludf.DUMMYFUNCTION("""COMPUTED_VALUE"""),43957.66666666667) -> 43957.667 | F91: =IFERROR(__xludf.DUMMYFUNCTION("""COMPUTED_VALUE"""),52.17) -> 52.17 | G91: =IFERROR(__xludf.DUMMYFUNCTION("""COMPUTED_VALUE"""),43957.66666666667) -> 43957.667 | H91: =IFERROR(__xludf.DUMMYFUNCTION("""COMPUTED_VALUE"""),75.16) -> 75.16
A92: =IFERROR(__xludf.DUMMYFUNCTION("""COMPUTED_VALUE"""),43958.66666666667) -> 43958.667 | B92: =IFERROR(__xludf.DUMMYFUNCTION("""COMPUTED_VALUE"""),44.6) -> 44.6 | C92: =IFERROR(__xludf.DUMMYFUNCTION("""COMPUTED_VALUE"""),43958.66666666667) -> 43958.667 | D92: =IFERROR(__xludf.DUMMYFUNCTION("""COMPUTED_VALUE"""),183.6) -> 183.6 | E92: =IFERROR(__xludf.DUMMYFUNCTION("""COMPUTED_VALUE"""),43958.66666666667) -> 43958.667 | F92: =IFERROR(__xludf.DUMMYFUNCTION("""COMPUTED_VALUE"""),52.0) -> 52 | G92: =IFERROR(__xludf.DUMMYFUNCTION("""COMPUTED_VALUE"""),43958.66666666667) -> 43958.667 | H92: =IFERROR(__xludf.DUMMYFUNCTION("""COMPUTED_VALUE"""),75.94) -> 75.94
A93: =IFERROR(__xludf.DUMMYFUNCTION("""COMPUTED_VALUE"""),43959.66666666667) -> 43959.667 | B93: =IFERROR(__xludf.DUMMYFUNCTION("""COMPUTED_VALUE"""),46.11) -> 46.11 | C93: =IFERROR(__xludf.DUMMYFUNCTION("""COMPUTED_VALUE"""),43959.66666666667) -> 43959.667 | D93: =IFERROR(__xludf.DUMMYFUNCTION("""COMPUTED_VALUE"""),184.68) -> 184.68 | E93: =IFERROR(__xludf.DUMMYFUNCTION("""COMPUTED_VALUE"""),43959.66666666667) -> 43959.667 | F93: =IFERROR(__xludf.DUMMYFUNCTION("""COMPUTED_VALUE"""),54.63) -> 54.63 | G93: =IFERROR(__xludf.DUMMYFUNCTION("""COMPUTED_VALUE"""),43959.66666666667) -> 43959.667 | H93: =IFERROR(__xludf.DUMMYFUNCTION("""COMPUTED_VALUE"""),77.53) -> 77.53
A94: =IFERROR(__xludf.DUMMYFUNCTION("""COMPUTED_VALUE"""),43962.66666666667) -> 43962.667 | B94: =IFERROR(__xludf.DUMMYFUNCTION("""COMPUTED_VALUE"""),45.54) -> 45.54 | C94: =IFERROR(__xludf.DUMMYFUNCTION("""COMPUTED_VALUE"""),43962.66666666667) -> 43962.667 | D94: =IFERROR(__xludf.DUMMYFUNCTION("""COMPUTED_VALUE"""),186.74) -> 186.74 | E94: =IFERROR(__xludf.DUMMYFUNCTION("""COMPUTED_VALUE"""),43962.66666666667) -> 43962.667 | F94: =IFERROR(__xludf.DUMMYFUNCTION("""COMPUTED_VALUE"""),54.09) -> 54.09 | G94: =IFERROR(__xludf.DUMMYFUNCTION("""COMPUTED_VALUE"""),43962.66666666667) -> 43962.667 | H94: =IFERROR(__xludf.DUMMYFUNCTION("""COMPUTED_VALUE"""),78.75) -> 78.75
A95: =IFERROR(__xludf.DUMMYFUNCTION("""COMPUTED_VALUE"""),43963.66666666667) -> 43963.667 | B95: =IFERROR(__xludf.DUMMYFUNCTION("""COMPUTED_VALUE"""),44.82) -> 44.82 | C95: =IFERROR(__xludf.DUMMYFUNCTION("""COMPUTED_VALUE"""),43963.66666666667) -> 43963.667 | D95: =IFERROR(__xludf.DUMMYFUNCTION("""COMPUTED_VALUE"""),182.51) -> 182.51 | E95: =IFERROR(__xludf.DUMMYFUNCTION("""COMPUTED_VALUE"""),43963.66666666667) -> 43963.667 | F95: =IFERROR(__xludf.DUMMYFUNCTION("""COMPUTED_VALUE"""),53.96) -> 53.96 | G95: =IFERROR(__xludf.DUMMYFUNCTION("""COMPUTED_VALUE"""),43963.66666666667) -> 43963.667 | H95: =IFERROR(__xludf.DUMMYFUNCTION("""COMPUTED_VALUE"""),77.85) -> 77.85
A96: =IFERROR(__xludf.DUMMYFUNCTION("""COMPUTED_VALUE"""),43964.66666666667) -> 43964.667 | B96: =IFERROR(__xludf.DUMMYFUNCTION("""COMPUTED_VALUE"""),43.94) -> 43.94 | C96: =IFERROR(__xludf.DUMMYFUNCTION("""COMPUTED_VALUE"""),43964.66666666667) -> 43964.667 | D96: =IFERROR(__xludf.DUMMYFUNCTION("""COMPUTED_VALUE"""),179.75) -> 179.75 | E96: =IFERROR(__xludf.DUMMYFUNCTION("""COMPUTED_VALUE"""),43964.66666666667) -> 43964.667 | F96: =IFERROR(__xludf.DUMMYFUNCTION("""COMPUTED_VALUE"""),52.73) -> 52.73 | G96: =IFERROR(__xludf.DUMMYFUNCTION("""COMPUTED_VALUE"""),43964.66666666667) -> 43964.667 | H96: =IFERROR(__xludf.DUMMYFUNCTION("""COMPUTED_VALUE"""),76.91) -> 76.91
A97: =IFERROR(__xludf.DUMMYFUNCTION("""COMPUTED_VALUE"""),43965.66666666667) -> 43965.667 | B97: =IFERROR(__xludf.DUMMYFUNCTION("""COMPUTED_VALUE"""),43.7) -> 43.7 | C97: =IFERROR(__xludf.DUMMYFUNCTION("""COMPUTED_VALUE"""),43965.66666666667) -> 43965.667 | D97: =IFERROR(__xludf.DUMMYFUNCTION("""COMPUTED_VALUE"""),180.53) -> 180.53 | E97: =IFERROR(__xludf.DUMMYFUNCTION("""COMPUTED_VALUE"""),43965.66666666667) -> 43965.667 | F97: =IFERROR(__xludf.DUMMYFUNCTION("""COMPUTED_VALUE"""),53.56) -> 53.56 | G97: =IFERROR(__xludf.DUMMYFUNCTION("""COMPUTED_VALUE"""),43965.66666666667) -> 43965.667 | H97: =IFERROR(__xludf.DUMMYFUNCTION("""COMPUTED_VALUE"""),77.39) -> 77.39
A98: =IFERROR(__xludf.DUMMYFUNCTION("""COMPUTED_VALUE"""),43966.66666666667) -> 43966.667 | B98: =IFERROR(__xludf.DUMMYFUNCTION("""COMPUTED_VALUE"""),43.26) -> 43.26 | C98: =IFERROR(__xludf.DUMMYFUNCTION("""COMPUTED_VALUE"""),43966.66666666667) -> 43966.667 | D98: =IFERROR(__xludf.DUMMYFUNCTION("""COMPUTED_VALUE"""),183.16) -> 183.16 | E98: =IFERROR(__xludf.DUMMYFUNCTION("""COMPUTED_VALUE"""),43966.66666666667) -> 43966.667 | F98: =IFERROR(__xludf.DUMMYFUNCTION("""COMPUTED_VALUE"""),53.28) -> 53.28 | G98: =IFERROR(__xludf.DUMMYFUNCTION("""COMPUTED_VALUE"""),43966.66666666667) -> 43966.667 | H98: =IFERROR(__xludf.DUMMYFUNCTION("""COMPUTED_VALUE"""),76.93) -> 76.93
A99: =IFERROR(__xludf.DUMMYFUNCTION("""COMPUTED_VALUE"""),43969.66666666667) -> 43969.667 | B99: =IFERROR(__xludf.DUMMYFUNCTION("""COMPUTED_VALUE"""),44.97) -> 44.97 | C99: =IFERROR(__xludf.DUMMYFUNCTION("""COMPUTED_VALUE"""),43969.66666666667) -> 43969.667 | D99: =IFERROR(__xludf.DUMMYFUNCTION("""COMPUTED_VALUE"""),184.91) -> 184.91 | E99: =IFERROR(__xludf.DUMMYFUNCTION("""COMPUTED_VALUE"""),43969.66666666667) -> 43969.667 | F99: =IFERROR(__xludf.DUMMYFUNCTION("""COMPUTED_VALUE"""),54.24) -> 54.24 | G99: =IFERROR(__xludf.DUMMYFUNCTION("""COMPUTED_VALUE"""),43969.66666666667) -> 43969.667 | H99: =IFERROR(__xludf.DUMMYFUNCTION("""COMPUTED_VALUE"""),78.74) -> 78.74
A100: =IFERROR(__xludf.DUMMYFUNCTION("""COMPUTED_VALUE"""),43970.66666666667) -> 43970.667 | B100: =IFERROR(__xludf.DUMMYFUNCTION("""COMPUTED_VALUE"""),44.54) -> 44.54 | C100: =IFERROR(__xludf.DUMMYFUNCTION("""COMPUTED_VALUE"""),43970.66666666667) -> 43970.667 | D100: =IFERROR(__xludf.DUMMYFUNCTION("""COMPUTED_VALUE"""),183.63) -> 183.63 | E100: =IFERROR(__xludf.DUMMYFUNCTION("""COMPUTED_VALUE"""),43970.66666666667) -> 43970.667 | F100: =IFERROR(__xludf.DUMMYFUNCTION("""COMPUTED_VALUE"""),53.87) -> 53.87 | G100: =IFERROR(__xludf.DUMMYFUNCTION("""COMPUTED_VALUE"""),43970.66666666667) -> 43970.667 | H100: =IFERROR(__xludf.DUMMYFUNCTION("""COMPUTED_VALUE"""),78.29) -> 78.29
...

Sheet Atributos
A1: Atributos Ações
A2: Código | B2: name | C2: price | D2: priceopen | E2: high | F2: low | G2: volume | H2: marketcap | I2: tradetime | J2: datadelay | K2: volumeavg | L2: pe | M2: eps | N2: high52 | O2: low52 | P2: change | Q2: beta | R2: changepct | S2: closeyest | T2: shares | U2: currency
A3: KO | B3: =IFERROR(__xludf.DUMMYFUNCTION("GOOGLEFINANCE($A$3,B2)"),"Coca-Cola Co") -> Coca-Cola Co | C3: =IFERROR(__xludf.DUMMYFUNCTION("GOOGLEFINANCE($A$3,C2)"),80.03) -> 80.03 | D3: =IFERROR(__xludf.DUMMYFUNCTION("GOOGLEFINANCE($A$3,D2)"),79.0) -> 79 | E3: =IFERROR(__xludf.DUMMYFUNCTION("GOOGLEFINANCE($A$3,E2)"),80.32) -> 80.32 | F3: =IFERROR(__xludf.DUMMYFUNCTION("GOOGLEFINANCE($A$3,F2)"),78.28) -> 78.28 | G3: =IFERROR(__xludf.DUMMYFUNCTION("GOOGLEFINANCE($A$3,G2)"),1.98831E7) -> 19883100 | H3: =IFERROR(__xludf.DUMMYFUNCTION("GOOGLEFINANCE($A$3,H2)"),3.44327629207E11) -> 344327629207 | I3: =IFERROR(__xludf.DUMMYFUNCTION("GOOGLEFINANCE($A$3,I2)"),46154.666712962964) -> 46154.667 | J3: =IFERROR(__xludf.DUMMYFUNCTION("GOOGLEFINANCE($A$3,J2)"),0.0) -> 0 | K3: =IFERROR(__xludf.DUMMYFUNCTION("GOOGLEFINANCE($A$3,K2)"),1.4002122E7) -> 14002122 | L3: =IFERROR(__xludf.DUMMYFUNCTION("GOOGLEFINANCE($A$3,L2)"),25.2) -> 25.2 | M3: =IFERROR(__xludf.DUMMYFUNCTION("GOOGLEFINANCE($A$3,M2)"),3.18) -> 3.18 | N3: =IFERROR(__xludf.DUMMYFUNCTION("GOOGLEFINANCE($A$3,N2)"),82.0) -> 82 | O3: =IFERROR(__xludf.DUMMYFUNCTION("GOOGLEFINANCE($A$3,O2)"),65.35) -> 65.35 | P3: =IFERROR(__xludf.DUMMYFUNCTION("GOOGLEFINANCE($A$3,P2)"),1.37) -> 1.37 | Q3: =IFERROR(__xludf.DUMMYFUNCTION("GOOGLEFINANCE($A$3,Q2)"),0.35) -> 0.35 | R3: =IFERROR(__xludf.DUMMYFUNCTION("GOOGLEFINANCE($A$3,R2)"),1.74) -> 1.74 | S3: =IFERROR(__xludf.DUMMYFUNCTION("GOOGLEFINANCE($A$3,S2)"),78.66) -> 78.66 | T3: =IFERROR(__xludf.DUMMYFUNCTION("GOOGLEFINANCE($A$3,T2)"),4.302482E9) -> 4302482000 | U3: =IFERROR(__xludf.DUMMYFUNCTION("GOOGLEFINANCE($A$3,U2)"),"USD") -> USD
A4: MSFT | B4: =IFERROR(__xludf.DUMMYFUNCTION("GOOGLEFINANCE($A$4,B2)"),"Microsoft Corp") -> Microsoft Corp | C4: =IFERROR(__xludf.DUMMYFUNCTION("GOOGLEFINANCE($A$4,C2)"),407.77) -> 407.77 | D4: =IFERROR(__xludf.DUMMYFUNCTION("GOOGLEFINANCE($A$4,D2)"),414.48) -> 414.48 | E4: =IFERROR(__xludf.DUMMYFUNCTION("GOOGLEFINANCE($A$4,E2)"),415.5) -> 415.5 | F4: =IFERROR(__xludf.DUMMYFUNCTION("GOOGLEFINANCE($A$4,F2)"),406.64) -> 406.64 | G4: =IFERROR(__xludf.DUMMYFUNCTION("GOOGLEFINANCE($A$4,G2)"),3.8594221E7) -> 38594221 | H4: =IFERROR(__xludf.DUMMYFUNCTION("GOOGLEFINANCE($A$4,H2)"),3.029092858338E12) -> 3029092858338 | I4: =IFERROR(__xludf.DUMMYFUNCTION("GOOGLEFINANCE($A$4,I2)"),46154.66667824074) -> 46154.667 | J4: =IFERROR(__xludf.DUMMYFUNCTION("GOOGLEFINANCE($A$4,J2)"),0.0) -> 0 | K4: =IFERROR(__xludf.DUMMYFUNCTION("GOOGLEFINANCE($A$4,K2)"),3.4199008E7) -> 34199008 | L4: =IFERROR(__xludf.DUMMYFUNCTION("GOOGLEFINANCE($A$4,L2)"),24.29) -> 24.29 | M4: =IFERROR(__xludf.DUMMYFUNCTION("GOOGLEFINANCE($A$4,M2)"),16.79) -> 16.79 | N4: =IFERROR(__xludf.DUMMYFUNCTION("GOOGLEFINANCE($A$4,N2)"),555.45) -> 555.45 | O4: =IFERROR(__xludf.DUMMYFUNCTION("GOOGLEFINANCE($A$4,O2)"),356.28) -> 356.28 | P4: =IFERROR(__xludf.DUMMYFUNCTION("GOOGLEFINANCE($A$4,P2)"),-4.89) -> -4.89 | Q4: =IFERROR(__xludf.DUMMYFUNCTION("GOOGLEFINANCE($A$4,Q2)"),1.1) -> 1.1 | R4: =IFERROR(__xludf.DUMMYFUNCTION("GOOGLEFINANCE($A$4,R2)"),-1.18) -> -1.18 | S4: =IFERROR(__xludf.DUMMYFUNCTION("GOOGLEFINANCE($A$4,S2)"),412.66) -> 412.66 | T4: =IFERROR(__xludf.DUMMYFUNCTION("GOOGLEFINANCE($A$4,T2)"),7.428435E9) -> 7428435000 | U4: =IFERROR(__xludf.DUMMYFUNCTION("GOOGLEFINANCE($A$4,U2)"),"USD") -> USD
A5: TSLA | B5: =IFERROR(__xludf.DUMMYFUNCTION("GOOGLEFINANCE($A$5,B2)"),"Tesla Inc") -> Tesla Inc | C5: =IFERROR(__xludf.DUMMYFUNCTION("GOOGLEFINANCE($A$5,C2)"),433.45) -> 433.45 | D5: =IFERROR(__xludf.DUMMYFUNCTION("GOOGLEFINANCE($A$5,D2)"),441.41) -> 441.41 | E5: =IFERROR(__xludf.DUMMYFUNCTION("GOOGLEFINANCE($A$5,E2)"),447.8) -> 447.8 | F5: =IFERROR(__xludf.DUMMYFUNCTION("GOOGLEFINANCE($A$5,F2)"),422.26) -> 422.26 | G5: =IFERROR(__xludf.DUMMYFUNCTION("GOOGLEFINANCE($A$5,G2)"),6.0569303E7) -> 60569303 | H5: =IFERROR(__xludf.DUMMYFUNCTION("GOOGLEFINANCE($A$5,H2)"),1.35820260975E12) -> 1358202609750 | I5: =IFERROR(__xludf.DUMMYFUNCTION("GOOGLEFINANCE($A$5,I2)"),46154.66666666667) -> 46154.667 | J5: =IFERROR(__xludf.DUMMYFUNCTION("GOOGLEFINANCE($A$5,J2)"),0.0) -> 0 | K5: =IFERROR(__xludf.DUMMYFUNCTION("GOOGLEFINANCE($A$5,K2)"),6.6093648E7) -> 66093648 | L5: =IFERROR(__xludf.DUMMYFUNCTION("GOOGLEFINANCE($A$5,L2)"),396.08) -> 396.08 | M5: =IFERROR(__xludf.DUMMYFUNCTION("GOOGLEFINANCE($A$5,M2)"),1.09) -> 1.09 | N5: =IFERROR(__xludf.DUMMYFUNCTION("GOOGLEFINANCE($A$5,N2)"),498.82) -> 498.82 | O5: =IFERROR(__xludf.DUMMYFUNCTION("GOOGLEFINANCE($A$5,O2)"),273.21) -> 273.21 | P5: =IFERROR(__xludf.DUMMYFUNCTION("GOOGLEFINANCE($A$5,P2)"),-11.63) -> -11.63 | Q5: =IFERROR(__xludf.DUMMYFUNCTION("GOOGLEFINANCE($A$5,Q2)"),1.79) -> 1.79 | R5: =IFERROR(__xludf.DUMMYFUNCTION("GOOGLEFINANCE($A$5,R2)"),-2.61) -> -2.61 | S5: =IFERROR(__xludf.DUMMYFUNCTION("GOOGLEFINANCE($A$5,S2)"),445.08) -> 445.08 | T5: =IFERROR(__xludf.DUMMYFUNCTION("GOOGLEFINANCE($A$5,T2)"),3.755724E9) -> 3755724000 | U5: =IFERROR(__xludf.DUMMYFUNCTION("GOOGLEFINANCE($A$5,U2)"),"USD") -> USD
A6: AAPL | B6: =IFERROR(__xludf.DUMMYFUNCTION("GOOGLEFINANCE($A$6,B2)"),"Apple Inc") -> Apple Inc | C6: =IFERROR(__xludf.DUMMYFUNCTION("GOOGLEFINANCE($A$6,C2)"),294.8) -> 294.8 | D6: =IFERROR(__xludf.DUMMYFUNCTION("GOOGLEFINANCE($A$6,D2)"),292.56) -> 292.56 | E6: =IFERROR(__xludf.DUMMYFUNCTION("GOOGLEFINANCE($A$6,E2)"),295.27) -> 295.27 | F6: =IFERROR(__xludf.DUMMYFUNCTION("GOOGLEFINANCE($A$6,F2)"),292.56) -> 292.56 | G6: =IFERROR(__xludf.DUMMYFUNCTION("GOOGLEFINANCE($A$6,G2)"),4.5748129E7) -> 45748129 | H6: =IFERROR(__xludf.DUMMYFUNCTION("GOOGLEFINANCE($A$6,H2)"),4.329830600711E12) -> 4329830600711 | I6: =IFERROR(__xludf.DUMMYFUNCTION("GOOGLEFINANCE($A$6,I2)"),46154.66667824074) -> 46154.667 | J6: =IFERROR(__xludf.DUMMYFUNCTION("GOOGLEFINANCE($A$6,J2)"),0.0) -> 0 | K6: =IFERROR(__xludf.DUMMYFUNCTION("GOOGLEFINANCE($A$6,K2)"),4.5699292E7) -> 45699292 | L6: =IFERROR(__xludf.DUMMYFUNCTION("GOOGLEFINANCE($A$6,L2)"),35.66) -> 35.66 | M6: =IFERROR(__xludf.DUMMYFUNCTION("GOOGLEFINANCE($A$6,M2)"),8.27) -> 8.27 | N6: =IFERROR(__xludf.DUMMYFUNCTION("GOOGLEFINANCE($A$6,N2)"),295.27) -> 295.27 | O6: =IFERROR(__xludf.DUMMYFUNCTION("GOOGLEFINANCE($A$6,O2)"),193.46) -> 193.46 | P6: =IFERROR(__xludf.DUMMYFUNCTION("GOOGLEFINANCE($A$6,P2)"),2.12) -> 2.12 | Q6: =IFERROR(__xludf.DUMMYFUNCTION("GOOGLEFINANCE($A$6,Q2)"),1.06) -> 1.06 | R6: =IFERROR(__xludf.DUMMYFUNCTION("GOOGLEFINANCE($A$6,R2)"),0.72) -> 0.72 | S6: =IFERROR(__xludf.DUMMYFUNCTION("GOOGLEFINANCE($A$6,S2)"),292.68) -> 292.68 | T6: =IFERROR(__xludf.DUMMYFUNCTION("GOOGLEFINANCE($A$6,T2)"),1.468736E10) -> 14687360000 | U6: =IFERROR(__xludf.DUMMYFUNCTION("GOOGLEFINANCE($A$6,U2)"),"USD") -> USD

Sheet PrecoHistorico
A1: Valor Normal | F1: Valor normalizado
A2: Data | B2: =Dados!A2 -> Coca-Cola Co | C2: =Dados!C2 -> Microsoft Corp | D2: =Dados!E2 -> Tesla Inc | E2: =Dados!G2 -> Apple Inc | F2: Coca-Cola Co | G2: Microsoft Corp | H2: Tesla Inc | I2: Apple Inc
A3: =Dados!A5 -> 43832.667 | B3: =Dados!B5 -> 54.99 | C3: =Dados!D5 -> 160.62 | D3: =Dados!F5 -> 28.68 | E3: =Dados!H5 -> 75.09 | F3: =STANDARDIZE(B3,$L$7,$L$8) -> 0.60837696 | G3: =STANDARDIZE(C3,$L$7,$L$8) -> 4.295288 | H3: =STANDARDIZE(D3,$L$7,$L$8) -> -0.30994764 | I3: =STANDARDIZE(E3,$L$7,$L$8) -> 1.3099476
A4: =Dados!A6 -> 43833.667 | B4: =Dados!B6 -> 54.69 | C4: =Dados!D6 -> 158.62 | D4: =Dados!F6 -> 29.53 | E4: =Dados!H6 -> 74.36 | F4: =STANDARDIZE(B4,$L$7,$L$8) -> 0.59790576 | G4: =STANDARDIZE(C4,$L$7,$L$8) -> 4.2254799 | H4: =STANDARDIZE(D4,$L$7,$L$8) -> -0.28027923 | I4: =STANDARDIZE(E4,$L$7,$L$8) -> 1.2844677
A5: =Dados!A7 -> 43836.667 | B5: =Dados!B7 -> 54.67 | C5: =Dados!D7 -> 159.03 | D5: =Dados!F7 -> 30.1 | E5: =Dados!H7 -> 74.95 | F5: =STANDARDIZE(B5,$L$7,$L$8) -> 0.59720768 | G5: =STANDARDIZE(C5,$L$7,$L$8) -> 4.2397906 | H5: =STANDARDIZE(D5,$L$7,$L$8) -> -0.26038394 | I5: =STANDARDIZE(E5,$L$7,$L$8) -> 1.3050611
A6: =Dados!A8 -> 43837.667 | B6: =Dados!B8 -> 54.25 | C6: =Dados!D8 -> 157.58 | D6: =Dados!F8 -> 31.27 | E6: =Dados!H8 -> 74.6 | F6: =STANDARDIZE(B6,$L$7,$L$8) -> 0.58254799 | G6: =STANDARDIZE(C6,$L$7,$L$8) -> 4.1891798 | H6: =STANDARDIZE(D6,$L$7,$L$8) -> -0.21954625 | I6: =STANDARDIZE(E6,$L$7,$L$8) -> 1.2928447 | K6: Maximo | L6: =MAX(B:B) -> 66.21
A7: =Dados!A9 -> 43838.667 | B7: =Dados!B9 -> 54.35 | C7: =Dados!D9 -> 160.09 | D7: =Dados!F9 -> 32.81 | E7: =Dados!H9 -> 75.8 | F7: =STANDARDIZE(B7,$L$7,$L$8) -> 0.58603839 | G7: =STANDARDIZE(C7,$L$7,$L$8) -> 4.2767888 | H7: =STANDARDIZE(D7,$L$7,$L$8) -> -0.16579407 | I7: =STANDARDIZE(E7,$L$7,$L$8) -> 1.3347295 | K7: Minimo | L7: =MIN(B:B) -> 37.56
A8: =Dados!A10 -> 43839.667 | B8: =Dados!B10 -> 55.34 | C8: =Dados!D10 -> 162.09 | D8: =Dados!F10 -> 32.09 | E8: =Dados!H10 -> 77.41 | F8: =STANDARDIZE(B8,$L$7,$L$8) -> 0.62059337 | G8: =STANDARDIZE(C8,$L$7,$L$8) -> 4.3465969 | H8: =STANDARDIZE(D8,$L$7,$L$8) -> -0.19092496 | I8: =STANDARDIZE(E8,$L$7,$L$8) -> 1.390925 | K8: Intervalo | L8: =L6-L7 -> 28.65
A9: =Dados!A11 -> 43840.667 | B9: =Dados!B11 -> 55.53 | C9: =Dados!D11 -> 161.34 | D9: =Dados!F11 -> 31.88 | E9: =Dados!H11 -> 77.58 | F9: =STANDARDIZE(B9,$L$7,$L$8) -> 0.62722513 | G9: =STANDARDIZE(C9,$L$7,$L$8) -> 4.3204188 | H9: =STANDARDIZE(D9,$L$7,$L$8) -> -0.1982548 | I9: =STANDARDIZE(E9,$L$7,$L$8) -> 1.3968586
A10: =Dados!A12 -> 43843.667 | B10: =Dados!B12 -> 56.13 | C10: =Dados!D12 -> 163.28 | D10: =Dados!F12 -> 34.99 | E10: =Dados!H12 -> 79.24 | F10: =STANDARDIZE(B10,$L$7,$L$8) -> 0.64816754 | G10: =STANDARDIZE(C10,$L$7,$L$8) -> 4.3881326 | H10: =STANDARDIZE(D10,$L$7,$L$8) -> -0.089703316 | I10: =STANDARDIZE(E10,$L$7,$L$8) -> 1.4547993
A11: =Dados!A13 -> 43844.667 | B11: =Dados!B13 -> 56 | C11: =Dados!D13 -> 162.13 | D11: =Dados!F13 -> 35.86 | E11: =Dados!H13 -> 78.17 | F11: =STANDARDIZE(B11,$L$7,$L$8) -> 0.64363002 | G11: =STANDARDIZE(C11,$L$7,$L$8) -> 4.347993 | H11: =STANDARDIZE(D11,$L$7,$L$8) -> -0.059336824 | I11: =STANDARDIZE(E11,$L$7,$L$8) -> 1.417452
A12: =Dados!A14 -> 43845.667 | B12: =Dados!B14 -> 56.7 | C12: =Dados!D14 -> 163.18 | D12: =Dados!F14 -> 34.57 | E12: =Dados!H14 -> 77.83 | F12: =STANDARDIZE(B12,$L$7,$L$8) -> 0.66806283 | G12: =STANDARDIZE(C12,$L$7,$L$8) -> 4.3846422 | H12: =STANDARDIZE(D12,$L$7,$L$8) -> -0.104363 | I12: =STANDARDIZE(E12,$L$7,$L$8) -> 1.4055846
A13: =Dados!A15 -> 43846.667 | B13: =Dados!B15 -> 56.82 | C13: =Dados!D15 -> 166.17 | D13: =Dados!F15 -> 34.23 | E13: =Dados!H15 -> 78.81 | F13: =STANDARDIZE(B13,$L$7,$L$8) -> 0.67225131 | G13: =STANDARDIZE(C13,$L$7,$L$8) -> 4.4890052 | H13: =STANDARDIZE(D13,$L$7,$L$8) -> -0.11623037 | I13: =STANDARDIZE(E13,$L$7,$L$8) -> 1.4397906
A14: =Dados!A16 -> 43847.667 | B14: =Dados!B16 -> 56.94 | C14: =Dados!D16 -> 167.1 | D14: =Dados!F16 -> 34.03 | E14: =Dados!H16 -> 79.68 | F14: =STANDARDIZE(B14,$L$7,$L$8) -> 0.67643979 | G14: =STANDARDIZE(C14,$L$7,$L$8) -> 4.521466 | H14: =STANDARDIZE(D14,$L$7,$L$8) -> -0.12321117 | I14: =STANDARDIZE(E14,$L$7,$L$8) -> 1.4701571
A15: =Dados!A17 -> 43851.667 | B15: =Dados!B17 -> 57.17 | C15: =Dados!D17 -> 166.5 | D15: =Dados!F17 -> 36.48 | E15: =Dados!H17 -> 79.14 | F15: =STANDARDIZE(B15,$L$7,$L$8) -> 0.68446771 | G15: =STANDARDIZE(C15,$L$7,$L$8) -> 4.5005236 | H15: =STANDARDIZE(D15,$L$7,$L$8) -> -0.037696335 | I15: =STANDARDIZE(E15,$L$7,$L$8) -> 1.4513089
A16: =Dados!A18 -> 43852.667 | B16: =Dados!B18 -> 57.61 | C16: =Dados!D18 -> 165.7 | D16: =Dados!F18 -> 37.97 | E16: =Dados!H18 -> 79.43 | F16: =STANDARDIZE(B16,$L$7,$L$8) -> 0.69982548 | G16: =STANDARDIZE(C16,$L$7,$L$8) -> 4.4726003 | H16: =STANDARDIZE(D16,$L$7,$L$8) -> 0.014310646 | I16: =STANDARDIZE(E16,$L$7,$L$8) -> 1.4614311
A17: =Dados!A19 -> 43853.667 | B17: =Dados!B19 -> 57.83 | C17: =Dados!D19 -> 166.72 | D17: =Dados!F19 -> 38.15 | E17: =Dados!H19 -> 79.81 | F17: =STANDARDIZE(B17,$L$7,$L$8) -> 0.70750436 | G17: =STANDARDIZE(C17,$L$7,$L$8) -> 4.5082024 | H17: =STANDARDIZE(D17,$L$7,$L$8) -> 0.020593368 | I17: =STANDARDIZE(E17,$L$7,$L$8) -> 1.4746946
A18: =Dados!A20 -> 43854.667 | B18: =Dados!B20 -> 57.68 | C18: =Dados!D20 -> 165.04 | D18: =Dados!F20 -> 37.65 | E18: =Dados!H20 -> 79.58 | F18: =STANDARDIZE(B18,$L$7,$L$8) -> 0.70226876 | G18: =STANDARDIZE(C18,$L$7,$L$8) -> 4.4495637 | H18: =STANDARDIZE(D18,$L$7,$L$8) -> 0.0031413613 | I18: =STANDARDIZE(E18,$L$7,$L$8) -> 1.4666667
A19: =Dados!A21 -> 43857.667 | B19: =Dados!B21 -> 57.48 | C19: =Dados!D21 -> 162.28 | D19: =Dados!F21 -> 37.2 | E19: =Dados!H21 -> 77.24 | F19: =STANDARDIZE(B19,$L$7,$L$8) -> 0.69528796 | G19: =STANDARDIZE(C19,$L$7,$L$8) -> 4.3532286 | H19: =STANDARDIZE(D19,$L$7,$L$8) -> -0.012565445 | I19: =STANDARDIZE(E19,$L$7,$L$8) -> 1.3849913
A20: =Dados!A22 -> 43858.667 | B20: =Dados!B22 -> 57.01 | C20: =Dados!D22 -> 165.46 | D20: =Dados!F22 -> 37.79 | E20: =Dados!H22 -> 79.42 | F20: =STANDARDIZE(B20,$L$7,$L$8) -> 0.67888307 | G20: =STANDARDIZE(C20,$L$7,$L$8) -> 4.4642234 | H20: =STANDARDIZE(D20,$L$7,$L$8) -> 0.0080279232 | I20: =STANDARDIZE(E20,$L$7,$L$8) -> 1.461082
... A758: =Dados!A760 -> 44925.667 | B758: =Dados!B760 -> 63.61 | C758: =Dados!D760 -> 239.82 | D758: =Dados!F760 -> 123.18 | E758: =Dados!H760 -> 129.93 | F758: =STANDARDIZE(B758,$L$7,$L$8) -> 0.90924956 | G758: =STANDARDIZE(C758,$L$7,$L$8) -> 7.0596859 | H758: =STANDARDIZE(D758,$L$7,$L$8) -> 2.9884817 | I758: =STANDARDIZE(E758,$L$7,$L$8) -> 3.2240838
A759: =Dados!A761
A760: =Dados!A762
A761: =Dados!A763
